Block,Old_Label,Label,Population,Genetic_Diversity,Generation_Parents,Generation_Eggs,Date_Census,Date_Start_Eggs,Date_End_Eggs,Image_Box1,Image_Box2,MC_Box1,MC_Box2,MC_Total_Adults,HC_Box1,HC_Box2,HC_Total_Adults,Nb_parents,Growth_rate,First_Throw,Extinction_finalstatus,Less_than_5
Block3,B3_All_Red_Mix ,BE B3 2/17 | G1  High1,High1,High,0,1,2/17/21,2/17/21,2/18/21,DSC_0155,NA,NA,NA,101.9,NA,NA,100,NA,NA,no,no,no
Block3,B3_All_Red_Mix ,BE B3 2/17 | G1  High2,High2,High,0,1,2/17/21,2/17/21,2/18/21,DSC_0156,NA,NA,NA,104.7,NA,NA,100,NA,NA,no,no,no
Block3,B3_All_Red_Mix ,BE B3 2/17 | G1  High3,High3,High,0,1,2/17/21,2/17/21,2/18/21,DSC_0157,NA,NA,NA,105.8,NA,NA,100,NA,NA,no,no,no
Block3,B3_All_Red_Mix ,BE B3 2/17 | G1  High4,High4,High,0,1,2/17/21,2/17/21,2/18/21,DSC_0158,NA,NA,NA,101.9,NA,NA,100,NA,NA,no,no,no
Block3,B3_All_Red_Mix ,BE B3 2/17 | G1  High5,High5,High,0,1,2/17/21,2/17/21,2/18/21,DSC_0159,NA,NA,NA,102.2,NA,NA,100,NA,NA,no,no,no
Block3,B3_All_Red_Mix ,BE B3 2/17 | G1  High6,High6,High,0,1,2/17/21,2/17/21,2/18/21,DSC_0160,NA,NA,NA,101.7,NA,NA,100,NA,NA,no,no,no
Block3,B3_All_Red_Mix ,BE B3 2/17 | G1  High7,High7,High,0,1,2/17/21,2/17/21,2/18/21,DSC_0161,NA,NA,NA,101.7,NA,NA,100,NA,NA,no,no,no
Block3,B3_All_Red_Mix ,BE B3 2/17 | G1  High8,High8,High,0,1,2/17/21,2/17/21,2/18/21,DSC_0162,NA,NA,NA,101.2,NA,NA,100,NA,NA,no,kill,kill
Block3,B3_All_Red_Mix ,BE B3 2/17 | G1  High9,High9,High,0,1,2/17/21,2/17/21,2/18/21,DSC_0163,NA,NA,NA,100.3,NA,NA,100,NA,NA,no,kill,kill
Block3,B3_All_Red_Mix ,BE B3 2/17 | G1  High10,High10,High,0,1,2/17/21,2/17/21,2/18/21,DSC_0164,NA,NA,NA,103.6,NA,NA,100,NA,NA,no,kill,kill
Block3,B3_All_Red_Mix ,BE B3 2/17 | G1  High11,High11,High,0,1,2/17/21,2/17/21,2/18/21,DSC_0165,NA,NA,NA,101.8,NA,NA,100,NA,NA,no,kill,kill
Block3,B3_All_Red_Mix ,BE B3 2/17 | G1  High12,High12,High,0,1,2/17/21,2/17/21,2/18/21,DSC_0166,NA,NA,NA,98.8,NA,NA,100,NA,NA,no,kill,kill
Block3,B(4)3_A2,BE B3 2/17 | G1  Low1,Low1,Low,0,1,2/17/21,2/17/21,2/18/21,DSC_0175,NA,NA,NA,101.5,NA,NA,100,NA,NA,no,no,no
Block3,B(4)3_B1,BE B3 2/17 | G1  Low2,Low2,Low,0,1,2/17/21,2/17/21,2/18/21,DSC_0181,NA,NA,NA,105.3,NA,NA,100,NA,NA,no,no,no
Block3,B(4)3_C2,BE B3 2/17 | G1  Low3,Low3,Low,0,1,2/17/21,2/17/21,2/18/21,DSC_0182,NA,NA,NA,101.2,NA,NA,100,NA,NA,no,no,no
Block3,B(4)3_E1,BE B3 2/17 | G1  Low4,Low4,Low,0,1,2/17/21,2/17/21,2/18/21,DSC_0183,NA,NA,NA,100.2,NA,NA,100,NA,NA,no,no,no
Block3,B(4)3_F5,BE B3 2/17 | G1  Low5,Low5,Low,0,1,2/17/21,2/17/21,2/18/21,DSC_0186,NA,NA,NA,98.2,NA,NA,100,NA,NA,no,no,no
Block3,B(4)3_G1,BE B3 2/17 | G1  Low6,Low6,Low,0,1,2/17/21,2/17/21,2/18/21,DSC_0176,NA,NA,NA,98.4,NA,NA,100,NA,NA,no,kill,kill
Block3,B3_A1 ,BE B3 2/17 | G1  Low7,Low7,Low,0,1,2/17/21,2/17/21,2/18/21,DSC_0184,NA,NA,NA,108.0,NA,NA,100,NA,NA,no,no,no
Block3,B3_B3 ,BE B3 2/17 | G1  Low8,Low8,Low,0,1,2/17/21,2/17/21,2/18/21,DSC_0177,NA,NA,NA,103.0,NA,NA,100,NA,NA,no,no,no
Block3,B3_C1 ,BE B3 2/17 | G1  Low9,Low9,Low,0,1,2/17/21,2/17/21,2/18/21,DSC_0178,NA,NA,NA,97.7,NA,NA,100,NA,NA,no,no,no
Block3,B3_D1 ,BE B3 2/17 | G1  Low10,Low10,Low,0,1,2/17/21,2/17/21,2/18/21,DSC_0179,NA,NA,NA,100.3,NA,NA,100,NA,NA,no,no,no
Block3,B3_E1 ,BE B3 2/17 | G1  Low11,Low11,Low,0,1,2/17/21,2/17/21,2/18/21,DSC_0180,NA,NA,NA,100.4,NA,NA,100,NA,NA,no,no,no
Block3,B3_F2 ,BE B3 2/17 | G1  Low12,Low12,Low,0,1,2/17/21,2/17/21,2/18/21,DSC_0185,NA,NA,NA,99.7,NA,NA,100,NA,NA,no,no,no
Block3,B3_Backup_Fam_A,BE B3 2/17 | G1  Med1,Med1,Med,0,1,2/17/21,2/17/21,2/18/21,DSC_0167,NA,NA,NA,103.4,NA,NA,100,NA,NA,no,no,no
Block3,B3_Backup_Fam_B,BE B3 2/17 | G1  Med2,Med2,Med,0,1,2/17/21,2/17/21,2/18/21,DSC_0168,NA,NA,NA,95.9,NA,NA,100,NA,NA,no,no,no
Block3,B3_Backup_Fam_C,BE B3 2/17 | G1  Med3,Med3,Med,0,1,2/17/21,2/17/21,2/18/21,DSC_0169,NA,NA,NA,99.8,NA,NA,100,NA,NA,no,no,no
Block3,B3_Backup_Fam_D,BE B3 2/17 | G1  Med4,Med4,Med,0,1,2/17/21,2/17/21,2/18/21,DSC_0170,NA,NA,NA,97.9,NA,NA,100,NA,NA,no,no,no
Block3,B3_Backup_Fam_E,BE B3 2/17 | G1  Med5,Med5,Med,0,1,2/17/21,2/17/21,2/18/21,DSC_0171,NA,NA,NA,103.5,NA,NA,100,NA,NA,no,yes,yes
Block3,B3_Backup_Fam_F,BE B3 2/17 | G1  Med6,Med6,Med,0,1,2/17/21,2/17/21,2/18/21,DSC_0172,NA,NA,NA,93.1,NA,NA,100,NA,NA,no,no,no
Block3,B3_Backup_Fam_G,BE B3 2/17 | G1  Med7,Med7,Med,0,1,2/17/21,2/17/21,2/18/21,DSC_0173,NA,NA,NA,95.4,NA,NA,100,NA,NA,no,no,no
Block3,B3_Backup_Fam_H,BE B3 2/17 | G1  Med8,Med8,Med,0,1,2/17/21,2/17/21,2/18/21,DSC_0174,NA,NA,NA,94.5,NA,NA,100,NA,NA,no,no,no
Block4,B4_All_Red_Mix ,BE B4 2/24 | G1  High13,High13,High,0,1,2/24/21,2/24/21,2/25/21,DSC_0415,NA,NA,NA,108.0,NA,NA,100,NA,NA,no,no,no
Block4,B4_All_Red_Mix ,BE B4 2/24 | G1  High14,High14,High,0,1,2/24/21,2/24/21,2/25/21,DSC_0416,NA,NA,NA,107.5,NA,NA,100,NA,NA,no,no,no
Block4,B4_All_Red_Mix ,BE B4 2/24 | G1  High15,High15,High,0,1,2/24/21,2/24/21,2/25/21,DSC_0417,NA,NA,NA,104.7,NA,NA,100,NA,NA,no,no,no
Block4,B4_All_Red_Mix ,BE B4 2/24 | G1  High16,High16,High,0,1,2/24/21,2/24/21,2/25/21,DSC_0418,NA,NA,NA,99.1,NA,NA,100,NA,NA,no,no,no
Block4,B4_All_Red_Mix ,BE B4 2/24 | G1  High17,High17,High,0,1,2/24/21,2/24/21,2/25/21,DSC_0419,NA,NA,NA,98.4,NA,NA,100,NA,NA,no,no,no
Block4,B4_All_Red_Mix ,BE B4 2/24 | G1  High18,High18,High,0,1,2/24/21,2/24/21,2/25/21,DSC_0421,NA,NA,NA,97.0,NA,NA,100,NA,NA,no,no,no
Block4,B4_All_Red_Mix ,BE B4 2/24 | G1  High19,High19,High,0,1,2/24/21,2/24/21,2/25/21,DSC_0422,NA,NA,NA,101.8,NA,NA,100,NA,NA,no,no,no
Block4,B4_All_Red_Mix ,BE B4 2/24 | G1  High20,High20,High,0,1,2/24/21,2/24/21,2/25/21,DSC_0423,NA,NA,NA,95.1,NA,NA,100,NA,NA,no,no,no
Block4,B4_All_Red_Mix ,BE B4 2/24 | G1  High21,High21,High,0,1,2/24/21,2/24/21,2/25/21,DSC_0424,NA,NA,NA,101.0,NA,NA,100,NA,NA,no,no,no
Block4,B4_All_Red_Mix ,BE B4 2/24 | G1  High22,High22,High,0,1,2/24/21,2/24/21,2/25/21,DSC_0426,NA,NA,NA,92.2,NA,NA,100,NA,NA,no,no,no
Block4,B4_All_Red_Mix ,BE B4 2/24 | G1  High23,High23,High,0,1,2/24/21,2/24/21,2/25/21,DSC_0427,NA,NA,NA,100.9,NA,NA,100,NA,NA,no,no,no
Block4,B4_All_Red_Mix ,BE B4 2/24 | G1  High24,High24,High,0,1,2/24/21,2/24/21,2/25/21,DSC_0428,NA,NA,NA,103.8,NA,NA,100,NA,NA,no,no,no
Block4,B4_K1,BE B4 2/24 | G1  Low13,Low13,Low,0,1,2/24/21,2/24/21,2/25/21,DSC_0436,NA,NA,NA,99.7,NA,NA,100,NA,NA,no,no,no
Block4,B4_L1,BE B4 2/24 | G1  Low14,Low14,Low,0,1,2/24/21,2/24/21,2/25/21,DSC_0435,NA,NA,NA,93.8,NA,NA,100,NA,NA,no,no,no
Block4,B4_M1,BE B4 2/24 | G1  Low15,Low15,Low,0,1,2/24/21,2/24/21,2/25/21,DSC_0437,NA,NA,NA,105.0,NA,NA,100,NA,NA,no,no,no
Block4,B4_O1,BE B4 2/24 | G1  Low16,Low16,Low,0,1,2/24/21,2/24/21,2/25/21,DSC_0441,NA,NA,NA,102.6,NA,NA,100,NA,NA,no,yes,yes
Block4,B4_P2,BE B4 2/24 | G1  Low17,Low17,Low,0,1,2/24/21,2/24/21,2/25/21,DSC_0442,NA,NA,NA,94.0,NA,NA,100,NA,NA,no,no,no
Block4,B4_Q4,BE B4 2/24 | G1  Low18,Low18,Low,0,1,2/24/21,2/24/21,2/25/21,DSC_0438,NA,NA,NA,97.2,NA,NA,100,NA,NA,no,no,no
Block4,B4_R1,BE B4 2/24 | G1  Low19,Low19,Low,0,1,2/24/21,2/24/21,2/25/21,DSC_0443,NA,NA,NA,98.5,NA,NA,100,NA,NA,no,no,no
Block4,B4_AA1 ,BE B4 2/24 | G1  Low20,Low20,Low,0,1,2/24/21,2/24/21,2/25/21,DSC_0444,NA,NA,NA,99.4,NA,NA,100,NA,NA,no,no,no
Block4,B4_AB1 ,BE B4 2/24 | G1  Low21,Low21,Low,0,1,2/24/21,2/24/21,2/25/21,DSC_0445,NA,NA,NA,101.4,NA,NA,100,NA,NA,no,no,no
Block4,B4_AC1 ,BE B4 2/24 | G1  Low22,Low22,Low,0,1,2/24/21,2/24/21,2/25/21,DSC_0446,NA,NA,NA,95.1,NA,NA,100,NA,NA,no,no,no
Block4,B4_AD1 ,BE B4 2/24 | G1  Low23,Low23,Low,0,1,2/24/21,2/24/21,2/25/21,DSC_0447,NA,NA,NA,103.9,NA,NA,100,NA,NA,no,kill,kill
Block4,B4_AE1 ,BE B4 2/24 | G1  Low24,Low24,Low,0,1,2/24/21,2/24/21,2/25/21,DSC_0449,NA,NA,NA,92.7,NA,NA,100,NA,NA,no,no,no
Block4,B4_AF1 ,BE B4 2/24 | G1  Low25,Low25,Low,0,1,2/24/21,2/24/21,2/25/21,DSC_0448,NA,NA,NA,84.8,NA,NA,100,NA,NA,no,no,no
Block4,B4_Backup_Fam_AA,BE B4 2/24 | G1  Med9,Med9,Med,0,1,2/24/21,2/24/21,2/25/21,DSC_0429,NA,NA,NA,105.3,NA,NA,100,NA,NA,no,no,no
Block4,B4_Backup_Fam_AB,BE B4 2/24 | G1  Med10,Med10,Med,0,1,2/24/21,2/24/21,2/25/21,DSC_0430,NA,NA,NA,97.4,NA,NA,100,NA,NA,no,no,no
Block4,B4_Backup_Fam_AC,BE B4 2/24 | G1  Med11,Med11,Med,0,1,2/24/21,2/24/21,2/25/21,DSC_0431,NA,NA,NA,92.6,NA,NA,100,NA,NA,no,no,no
Block4,B4_Backup_Fam_AD,BE B4 2/24 | G1  Med12,Med12,Med,0,1,2/24/21,2/24/21,2/25/21,DSC_0432,NA,NA,NA,95.2,NA,NA,100,NA,NA,no,no,no
Block4,B4_Backup_Fam_K,BE B4 2/24 | G1  Med13,Med13,Med,0,1,2/24/21,2/24/21,2/25/21,DSC_0433,NA,NA,NA,108.6,NA,NA,100,NA,NA,no,no,no
Block4,B4_Backup_Fam_L,BE B4 2/24 | G1  Med14,Med14,Med,0,1,2/24/21,2/24/21,2/25/21,DSC_0434,NA,NA,NA,96.1,NA,NA,100,NA,NA,no,yes,yes
Block4,B4_Backup_Fam_M,BE B4 2/24 | G1  Med15,Med15,Med,0,1,2/24/21,2/24/21,2/25/21,DSC_0439,NA,NA,NA,100.3,NA,NA,100,NA,NA,no,no,no
Block4,B4_Backup_Fam_P,BE B4 2/24 | G1  Med16,Med16,Med,0,1,2/24/21,2/24/21,2/25/21,DSC_0440,NA,NA,NA,93.1,NA,NA,100,NA,NA,no,kill,kill
Block5,B5_All_Red_Mix ,BE B5 3/3 | G1  High25,High25,High,0,1,3/3/21,3/3/21,3/4/21,DSC_0674,NA,NA,NA,103.8,NA,NA,100,NA,NA,no,no,no
Block5,B5_All_Red_Mix ,BE B5 3/3 | G1  High26,High26,High,0,1,3/3/21,3/3/21,3/4/21,DSC_0675,NA,NA,NA,101.5,NA,NA,100,NA,NA,no,no,no
Block5,B5_All_Red_Mix ,BE B5 3/3 | G1  High27,High27,High,0,1,3/3/21,3/3/21,3/4/21,DSC_0676,NA,NA,NA,104.5,NA,NA,100,NA,NA,no,no,no
Block5,B5_All_Red_Mix ,BE B5 3/3 | G1  High28,High28,High,0,1,3/3/21,3/3/21,3/4/21,DSC_0677,NA,NA,NA,104.7,NA,NA,100,NA,NA,no,no,no
Block5,B5_All_Red_Mix ,BE B5 3/3 | G1  High29,High29,High,0,1,3/3/21,3/3/21,3/4/21,DSC_0678,NA,NA,NA,103.4,NA,NA,100,NA,NA,no,kill,kill
Block5,B5_All_Red_Mix ,BE B5 3/3 | G1  High30,High30,High,0,1,3/3/21,3/3/21,3/4/21,DSC_0679,NA,NA,NA,104.2,NA,NA,100,NA,NA,no,kill,kill
Block5,B5_All_Red_Mix ,BE B5 3/3 | G1  High31,High31,High,0,1,3/3/21,3/3/21,3/4/21,DSC_0680,NA,NA,NA,98.7,NA,NA,100,NA,NA,no,kill,kill
Block5,B5_All_Red_Mix ,BE B5 3/3 | G1  High32,High32,High,0,1,3/3/21,3/3/21,3/4/21,DSC_0681,NA,NA,NA,100.8,NA,NA,100,NA,NA,no,no,no
Block5,B5_All_Red_Mix ,BE B5 3/3 | G1  High33,High33,High,0,1,3/3/21,3/3/21,3/4/21,DSC_0682,NA,NA,NA,82.5,NA,NA,100,NA,NA,no,no,no
Block5,B5_All_Red_Mix ,BE B5 3/3 | G1  High34,High34,High,0,1,3/3/21,3/3/21,3/4/21,DSC_0683,NA,NA,NA,103.3,NA,NA,100,NA,NA,no,no,no
Block5,B5_All_Red_Mix ,BE B5 3/3 | G1  High35,High35,High,0,1,3/3/21,3/3/21,3/4/21,DSC_0684,NA,NA,NA,95.7,NA,NA,100,NA,NA,no,no,no
Block5,B5_All_Red_Mix ,BE B5 3/3 | G1  High36,High36,High,0,1,3/3/21,3/3/21,3/4/21,DSC_0685,NA,NA,NA,101.3,NA,NA,100,NA,NA,no,kill,kill
Block5,B5A1,BE B5 3/3 | G1  Low26,Low26,Low,0,1,3/3/21,3/3/21,3/4/21,DSC_0686,NA,NA,NA,103.4,NA,NA,100,NA,NA,no,no,no
Block5,B5_B1,BE B5 3/3 | G1  Low27,Low27,Low,0,1,3/3/21,3/3/21,3/4/21,DSC_0687,NA,NA,NA,100.1,NA,NA,100,NA,NA,no,yes,yes
Block5,B5_E1,BE B5 3/3 | G1  Low28,Low28,Low,0,1,3/3/21,3/3/21,3/4/21,DSC_0688,NA,NA,NA,100.5,NA,NA,100,NA,NA,no,yes,yes
Block5,B5_C2,BE B5 3/3 | G1  Low29,Low29,Low,0,1,3/3/21,3/3/21,3/4/21,DSC_0689,NA,NA,NA,104.7,NA,NA,100,NA,NA,no,no,no
Block5,B5_D3,BE B5 3/3 | G1  Low30,Low30,Low,0,1,3/3/21,3/3/21,3/4/21,DSC_0690,NA,NA,NA,103.4,NA,NA,100,NA,NA,no,yes,yes
Block5,B(2)5_P1 ,BE B5 3/3 | G1  Low31,Low31,Low,0,1,3/3/21,3/3/21,3/4/21,DSC_0691,NA,NA,NA,106.1,NA,NA,100,NA,NA,no,yes,yes
Block5,B(2)5_Q1 ,BE B5 3/3 | G1  Low32,Low32,Low,0,1,3/3/21,3/3/21,3/4/21,DSC_0692,NA,NA,NA,102.4,NA,NA,100,NA,NA,no,yes,yes
Block5,B(2)5_T1 ,BE B5 3/3 | G1  Low33,Low33,Low,0,1,3/3/21,3/3/21,3/4/21,DSC_0693,NA,NA,NA,103.9,NA,NA,100,NA,NA,no,yes,yes
Block5,B(2)5_U1 ,BE B5 3/3 | G1  Low34,Low34,Low,0,1,3/3/21,3/3/21,3/4/21,DSC_0694,NA,NA,NA,100.9,NA,NA,100,NA,NA,no,no,no
Block5,B(2)5_W1 ,BE B5 3/3 | G1  Low35,Low35,Low,0,1,3/3/21,3/3/21,3/4/21,DSC_0695,NA,NA,NA,101.5,NA,NA,100,NA,NA,no,no,no
Block5,B(2)5_X1 ,BE B5 3/3 | G1  Low36,Low36,Low,0,1,3/3/21,3/3/21,3/4/21,DSC_0700,NA,NA,NA,102.2,NA,NA,100,NA,NA,no,yes,yes
Block5,B5_Backup_Fam_F,BE B5 3/3 | G1  Med17,Med17,Med,0,1,3/3/21,3/3/21,3/4/21,DSC_0696,NA,NA,NA,105.4,NA,NA,100,NA,NA,no,yes,yes
Block5,B5_Backup_Fam_G,BE B5 3/3 | G1  Med18,Med18,Med,0,1,3/3/21,3/3/21,3/4/21,DSC_0701,NA,NA,NA,98.2,NA,NA,100,NA,NA,no,no,no
Block5,B5_Backup_Fam_H,BE B5 3/3 | G1  Med19,Med19,Med,0,1,3/3/21,3/3/21,3/4/21,DSC_0697,NA,NA,NA,99.6,NA,NA,100,NA,NA,no,no,yes
Block5,B5_Backup_Fam_I,BE B5 3/3 | G1  Med20,Med20,Med,0,1,3/3/21,3/3/21,3/4/21,DSC_0698,NA,NA,NA,97.6,NA,NA,100,NA,NA,no,yes,yes
Block5,B5_Backup_Fam_A,BE B5 3/3 | G1  Med21,Med21,Med,0,1,3/3/21,3/3/21,3/4/21,DSC_0699,NA,NA,NA,99.1,NA,NA,100,NA,NA,no,no,no
Block5,B5_Backup_Fam_B,BE B5 3/3 | G1  Med22,Med22,Med,0,1,3/3/21,3/3/21,3/4/21,DSC_0703,NA,NA,NA,104.7,NA,NA,100,NA,NA,no,yes,yes
Block5,B5_Backup_Fam_C,BE B5 3/3 | G1  Med23,Med23,Med,0,1,3/3/21,3/3/21,3/4/21,DSC_0704,NA,NA,NA,99.1,NA,NA,100,NA,NA,no,no,no
Block5,B5_Backup_Fam_D,BE B5 3/3 | G1  Med24,Med24,Med,0,1,3/3/21,3/3/21,3/4/21,DSC_0702,NA,NA,NA,104.1,NA,NA,100,NA,NA,no,no,no
Block3,B3_All_Red_Mix ,BE B3 3/24 | G2 High1,High1,High,1,2,3/24/21,3/24/21,3/25/21,DSC_0920,DSC_0921,266.9,149.8,416.7,253,135,388,100,3.88,no,no,no
Block3,B3_All_Red_Mix ,BE B3 3/24 | G2 High2,High2,High,1,2,3/24/21,3/24/21,3/25/21,DSC_0922,DSC_0923,224.4,110.8,335.2,207,106,313,100,3.13,no,no,no
Block3,B3_All_Red_Mix ,BE B3 3/24 | G2 High3,High3,High,1,2,3/24/21,3/24/21,3/25/21,DSC_0960,DSC_0961,211.0,187.0,398.0,197,170,367,100,3.67,no,no,no
Block3,B3_All_Red_Mix ,BE B3 3/24 | G2 High4,High4,High,1,2,3/24/21,3/24/21,3/25/21,DSC_0906,DSC_0907,176.2,204.8,381.0,172,192,364,100,3.64,no,no,no
Block3,B3_All_Red_Mix ,BE B3 3/24 | G2 High5,High5,High,1,2,3/24/21,3/24/21,3/25/21,DSC_0966,DSC_0967,150.4,208.0,358.4,144,200,344,100,3.44,no,no,no
Block3,B3_All_Red_Mix ,BE B3 3/24 | G2 High6,High6,High,1,2,3/24/21,3/24/21,3/25/21,DSC_0964,DSC_0965,17.4,44.8,62.2,15,32,47,100,0.47,no,no,no
Block3,B3_All_Red_Mix ,BE B3 3/24 | G2 High7,High7,High,1,2,3/24/21,3/24/21,3/25/21,DSC_0932,DSC_0933,45.9,299.0,344.9,45,287,332,100,3.32,no,no,no
Block3,B3_All_Red_Mix ,BE B3 3/24 | G2 High8,High8,High,1,2,3/24/21,3/24/21,3/25/21,DSC_0946,DSC_0947,77.9,261.1,339.0,60,224,284,100,2.84,no,kill,kill
Block3,B3_All_Red_Mix ,BE B3 3/24 | G2 High9,High9,High,1,2,3/24/21,3/24/21,3/25/21,DSC_0940,DSC_0941,197.3,191.1,388.4,195,180,375,100,3.75,no,kill,kill
Block3,B3_All_Red_Mix ,BE B3 3/24 | G2 High10,High10,High,1,2,3/24/21,3/24/21,3/25/21,DSC_0930,DSC_0931,148.5,116.3,264.8,133,112,245,100,2.45,no,kill,kill
Block3,B3_All_Red_Mix ,BE B3 3/24 | G2 High11,High11,High,1,2,3/24/21,3/24/21,3/25/21,DSC_0952,DSC_0953,216.1,171.0,387.1,209,163,372,100,3.72,no,kill,kill
Block3,B3_All_Red_Mix ,BE B3 3/24 | G2 High12,High12,High,1,2,3/24/21,3/24/21,3/25/21,DSC_0944,DSC_0945,181.8,181.6,363.4,168,166,334,100,3.34,no,kill,kill
Block3,B(4)3_A2,BE B3 3/24 | G2 Low1,Low1,Low,1,2,3/24/21,3/24/21,3/25/21,DSC_0942,DSC_0943,58.5,227.9,286.4,57,211,268,100,2.68,no,no,no
Block3,B(4)3_B1,BE B3 3/24 | G2 Low2,Low2,Low,1,2,3/24/21,3/24/21,3/25/21,DSC_0950,DSC_0951,300.3,96.3,396.6,288,93,381,100,3.81,no,no,no
Block3,B(4)3_C2,BE B3 3/24 | G2 Low3,Low3,Low,1,2,3/24/21,3/24/21,3/25/21,DSC_0910,DSC_0911,136.9,140.8,277.7,126,135,261,100,2.61,no,no,no
Block3,B(4)3_E1,BE B3 3/24 | G2 Low4,Low4,Low,1,2,3/24/21,3/24/21,3/25/21,DSC_0948,DSC_0949,107.3,92.3,199.6,107,91,198,100,1.98,no,no,no
Block3,B(4)3_F5,BE B3 3/24 | G2 Low5,Low5,Low,1,2,3/24/21,3/24/21,3/25/21,DSC_0916,DSC_0917,79.9,88.2,168.1,81,91,172,100,1.72,no,no,no
Block3,B(4)3_G1,BE B3 3/24 | G2 Low6,Low6,Low,1,2,3/24/21,3/24/21,3/25/21,DSC_0928,DSC_0929,246.2,224.4,470.6,237,214,451,100,4.51,no,kill,kill
Block3,B3_A1 ,BE B3 3/24 | G2 Low7,Low7,Low,1,2,3/24/21,3/24/21,3/25/21,DSC_0908,DSC_0909,115.2,37.3,152.5,109,38,147,100,1.47,no,no,no
Block3,B3_B3 ,BE B3 3/24 | G2 Low8,Low8,Low,1,2,3/24/21,3/24/21,3/25/21,DSC_0934,DSC_0935,141.9,101.1,243.0,142,99,241,100,2.41,no,no,no
Block3,B3_C1 ,BE B3 3/24 | G2 Low9,Low9,Low,1,2,3/24/21,3/24/21,3/25/21,DSC_0962,DSC_0963,111.7,153.4,265.0,111,151,262,100,2.62,no,no,no
Block3,B3_D1 ,BE B3 3/24 | G2 Low10,Low10,Low,1,2,3/24/21,3/24/21,3/25/21,DSC_0958,DSC_0959,92.5,112.8,205.3,93,115,208,100,2.08,no,no,no
Block3,B3_E1 ,BE B3 3/24 | G2 Low11,Low11,Low,1,2,3/24/21,3/24/21,3/25/21,DSC_0904,DSC_0905,117.4,91.4,208.8,121,94,215,100,2.15,no,no,no
Block3,B3_F2 ,BE B3 3/24 | G2 Low12,Low12,Low,1,2,3/24/21,3/24/21,3/25/21,DSC_0912,DSC_0913,268.9,76.8,345.7,239,76,315,100,3.15,no,no,no
Block3,B3_Backup_Fam_A,BE B3 3/24 | G2 Med1,Med1,Med,1,2,3/24/21,3/24/21,3/25/21,DSC_0914,DSC_0915,35.8,45.1,80.9,35,46,81,100,0.81,no,no,no
Block3,B3_Backup_Fam_B,BE B3 3/24 | G2 Med2,Med2,Med,1,2,3/24/21,3/24/21,3/25/21,DSC_0924,DSC_0925,226.3,135.5,361.9,228,137,365,100,3.65,no,no,no
Block3,B3_Backup_Fam_C,BE B3 3/24 | G2 Med3,Med3,Med,1,2,3/24/21,3/24/21,3/25/21,DSC_0956,DSC_0957,122.9,122.6,245.6,117,119,236,100,2.36,no,no,no
Block3,B3_Backup_Fam_D,BE B3 3/24 | G2 Med4,Med4,Med,1,2,3/24/21,3/24/21,3/25/21,DSC_0936,DSC_0937,120.5,148.8,269.4,122,147,269,100,2.69,no,no,no
Block3,B3_Backup_Fam_E,BE B3 3/24 | G2 Med5,Med5,Med,1,2,3/24/21,3/24/21,3/25/21,DSC_0954,DSC_0955,180.8,29.7,210.5,180,28,208,100,2.08,no,yes,yes
Block3,B3_Backup_Fam_F,BE B3 3/24 | G2 Med6,Med6,Med,1,2,3/24/21,3/24/21,3/25/21,DSC_0926,DSC_0927,177.8,199.8,377.6,170,193,363,100,3.63,no,no,no
Block3,B3_Backup_Fam_G,BE B3 3/24 | G2 Med7,Med7,Med,1,2,3/24/21,3/24/21,3/25/21,DSC_0938,DSC_0939,216.1,151.0,367.1,211,146,357,100,3.57,no,no,no
Block3,B3_Backup_Fam_H,BE B3 3/24 | G2 Med8,Med8,Med,1,2,3/24/21,3/24/21,3/25/21,DSC_0918,DSC_0919,182.2,162.9,345.1,179,160,339,100,3.39,no,no,no
Block4,B4_All_Red_Mix ,BE B4 3/31 | G2 High13,High13,High,1,2,3/31/21,3/31/21,4/1/21,DSC_0128,DSC_0129,112.7,234.3,347.0,101,214,315,100,3.15,no,no,no
Block4,B4_All_Red_Mix ,BE B4 3/31 | G2 High14,High14,High,1,2,3/31/21,3/31/21,4/1/21,DSC_0106,DSC_0107,137.9,240.5,378.3,128,236,364,100,3.64,no,no,no
Block4,B4_All_Red_Mix ,BE B4 3/31 | G2 High15,High15,High,1,2,3/31/21,3/31/21,4/1/21,DSC_0084,DSC_0085,182.9,174.2,357.2,180,192,372,100,3.72,no,no,no
Block4,B4_All_Red_Mix ,BE B4 3/31 | G2 High16,High16,High,1,2,3/31/21,3/31/21,4/1/21,DSC_0116,DSC_0117,121.2,236.7,357.9,121,218,339,100,3.39,no,no,no
Block4,B4_All_Red_Mix ,BE B4 3/31 | G2 High17,High17,High,1,2,3/31/21,3/31/21,4/1/21,DSC_0120,DSC_0121,128.9,197.0,325.9,119,185,304,100,3.04,no,no,no
Block4,B4_All_Red_Mix ,BE B4 3/31 | G2 High18,High18,High,1,2,3/31/21,3/31/21,4/1/21,DSC_0114,DSC_0115,246.8,132.7,379.5,223,131,354,100,3.54,no,no,no
Block4,B4_All_Red_Mix ,BE B4 3/31 | G2 High19,High19,High,1,2,3/31/21,3/31/21,4/1/21,DSC_0144,DSC_0145,118.3,175.4,293.7,111,166,277,100,2.77,no,no,no
Block4,B4_All_Red_Mix ,BE B4 3/31 | G2 High20,High20,High,1,2,3/31/21,3/31/21,4/1/21,DSC_0142,DSC_0143,313.8,120.2,434.0,280,118,398,100,3.98,no,no,no
Block4,B4_All_Red_Mix ,BE B4 3/31 | G2 High21,High21,High,1,2,3/31/21,3/31/21,4/1/21,DSC_0122,DSC_0123,176.4,255.4,431.8,149,243,392,100,3.92,no,no,no
Block4,B4_All_Red_Mix ,BE B4 3/31 | G2 High22,High22,High,1,2,3/31/21,3/31/21,4/1/21,DSC_0098,DSC_0099,141.8,282.4,424.2,131,290,421,100,4.21,no,no,no
Block4,B4_All_Red_Mix ,BE B4 3/31 | G2 High23,High23,High,1,2,3/31/21,3/31/21,4/1/21,DSC_0134,DSC_0135,327.4,65.1,392.5,286,58,344,100,3.44,no,no,no
Block4,B4_All_Red_Mix ,BE B4 3/31 | G2 High24,High24,High,1,2,3/31/21,3/31/21,4/1/21,DSC_0080,DSC_0081,168.7,139.6,308.2,158,136,294,100,2.94,no,no,no
Block4,B4_K1,BE B4 3/31 | G2 Low13,Low13,Low,1,2,3/31/21,3/31/21,4/1/21,DSC_0086,DSC_0087,163.6,184.2,347.8,164,187,351,100,3.51,no,no,no
Block4,B4_L1,BE B4 3/31 | G2 Low14,Low14,Low,1,2,3/31/21,3/31/21,4/1/21,DSC_0092,DSC_0093,199.3,184.4,383.8,203,181,384,100,3.84,no,no,no
Block4,B4_M1,BE B4 3/31 | G2 Low15,Low15,Low,1,2,3/31/21,3/31/21,4/1/21,DSC_0124,DSC_0125,231.8,176.3,408.1,202,168,370,100,3.7,no,no,no
Block4,B4_O1,BE B4 3/31 | G2 Low16,Low16,Low,1,2,3/31/21,3/31/21,4/1/21,DSC_0100,DSC_0101,165.3,218.7,384.0,156,217,373,100,3.73,no,yes,yes
Block4,B4_P2,BE B4 3/31 | G2 Low17,Low17,Low,1,2,3/31/21,3/31/21,4/1/21,DSC_0130,DSC_0131,102.2,142.6,244.8,98,142,240,100,2.4,no,no,no
Block4,B4_Q4,BE B4 3/31 | G2 Low18,Low18,Low,1,2,3/31/21,3/31/21,4/1/21,DSC_0110,DSC_0111,183.7,65.0,248.7,182,63,245,100,2.45,no,no,no
Block4,B4_R1,BE B4 3/31 | G2 Low19,Low19,Low,1,2,3/31/21,3/31/21,4/1/21,DSC_0138,DSC_0139,171.6,108.1,279.7,171,111,282,100,2.82,no,no,no
Block4,B4_AA1 ,BE B4 3/31 | G2 Low20,Low20,Low,1,2,3/31/21,3/31/21,4/1/21,DSC_0088,DSC_0089,73.2,64.7,137.9,77,67,144,100,1.44,no,no,no
Block4,B4_AB1 ,BE B4 3/31 | G2 Low21,Low21,Low,1,2,3/31/21,3/31/21,4/1/21,DSC_0118,DSC_0119,189.2,177.8,367.0,178,171,349,100,3.49,no,no,no
Block4,B4_AC1 ,BE B4 3/31 | G2 Low22,Low22,Low,1,2,3/31/21,3/31/21,4/1/21,DSC_0104,DSC_0105,117.3,109.0,226.3,120,120,240,100,2.4,no,no,no
Block4,B4_AD1 ,BE B4 3/31 | G2 Low23,Low23,Low,1,2,3/31/21,3/31/21,4/1/21,DSC_0108,DSC_0109,118.0,168.2,286.2,115,172,287,100,2.87,no,kill,kill
Block4,B4_AE1 ,BE B4 3/31 | G2 Low24,Low24,Low,1,2,3/31/21,3/31/21,4/1/21,DSC_0136,DSC_0137,223.5,58.8,282.3,205,55,260,100,2.6,no,no,no
Block4,B4_AF1 ,BE B4 3/31 | G2 Low25,Low25,Low,1,2,3/31/21,3/31/21,4/1/21,DSC_0102,DSC_0103,124.5,196.2,320.7,115,199,314,100,3.14,no,no,no
Block4,B4_Backup_Fam_AA,BE B4 3/31 | G2 Med9,Med9,Med,1,2,3/31/21,3/31/21,4/1/21,DSC_0094,DSC_0095,64.1,49.0,113.1,66,51,117,100,1.17,no,no,no
Block4,B4_Backup_Fam_AB,BE B4 3/31 | G2 Med10,Med10,Med,1,2,3/31/21,3/31/21,4/1/21,DSC_0090,DSC_0091,162.3,128.8,291.1,155,128,283,100,2.83,no,no,no
Block4,B4_Backup_Fam_AC,BE B4 3/31 | G2 Med11,Med11,Med,1,2,3/31/21,3/31/21,4/1/21,DSC_0082,DSC_0083,70.0,77.5,147.6,69,77,146,100,1.46,no,no,no
Block4,B4_Backup_Fam_AD,BE B4 3/31 | G2 Med12,Med12,Med,1,2,3/31/21,3/31/21,4/1/21,DSC_0140,DSC_0141,102.1,131.7,233.8,100,130,230,100,2.3,no,no,no
Block4,B4_Backup_Fam_K,BE B4 3/31 | G2 Med13,Med13,Med,1,2,3/31/21,3/31/21,4/1/21,DSC_0126,DSC_0127,178.8,75.9,254.7,158,70,228,100,2.28,no,no,no
Block4,B4_Backup_Fam_L,BE B4 3/31 | G2 Med14,Med14,Med,1,2,3/31/21,3/31/21,4/1/21,DSC_0112,DSC_0113,307.1,207.3,514.4,283,216,499,100,4.99,no,yes,yes
Block4,B4_Backup_Fam_M,BE B4 3/31 | G2 Med15,Med15,Med,1,2,3/31/21,3/31/21,4/1/21,DSC_0132,DSC_0133,253.6,123.0,376.6,243,100,343,100,3.43,no,no,no
Block4,B4_Backup_Fam_P,BE B4 3/31 | G2 Med16,Med16,Med,1,2,3/31/21,3/31/21,4/1/21,DSC_0096,DSC_0097,22.9,18.1,41.0,21,19,40,100,0.4,no,kill,kill
Block5,B5_All_Red_Mix ,BE B5 4/7 | G2 High25,High25,High,1,2,4/7/21,4/7/21,4/8/21,DSC_0254,DSC_0255,94.4,275.5,369.9,89,270,359,100,3.59,no,no,no
Block5,B5_All_Red_Mix ,BE B5 4/7 | G2 High26,High26,High,1,2,4/7/21,4/7/21,4/8/21,DSC_0270,DSC_0271,279.9,135.1,415.0,267,130,397,100,3.97,no,no,no
Block5,B5_All_Red_Mix ,BE B5 4/7 | G2 High27,High27,High,1,2,4/7/21,4/7/21,4/8/21,DSC_0308,DSC_0309,252.7,216.7,469.4,238,207,445,100,4.45,no,no,no
Block5,B5_All_Red_Mix ,BE B5 4/7 | G2 High28,High28,High,1,2,4/7/21,4/7/21,4/8/21,DSC_0294,DSC_0295,180.5,227.9,408.4,175,217,392,100,3.92,no,no,no
Block5,B5_All_Red_Mix ,BE B5 4/7 | G2 High29,High29,High,1,2,4/7/21,4/7/21,4/8/21,DSC_0286,DSC_0287,200.1,109.3,309.4,201,113,314,100,3.14,no,kill,kill
Block5,B5_All_Red_Mix ,BE B5 4/7 | G2 High30,High30,High,1,2,4/7/21,4/7/21,4/8/21,DSC_0304,DSC_0305,164.3,194.2,358.5,153,187,340,100,3.4,no,kill,kill
Block5,B5_All_Red_Mix ,BE B5 4/7 | G2 High31,High31,High,1,2,4/7/21,4/7/21,4/8/21,DSC_0280,DSC_0281,263.2,109.7,373.0,255,111,366,100,3.66,no,kill,kill
Block5,B5_All_Red_Mix ,BE B5 4/7 | G2 High32,High32,High,1,2,4/7/21,4/7/21,4/8/21,DSC_0298,DSC_0299,209.3,190.2,399.6,205,192,397,100,3.97,no,no,no
Block5,B5_All_Red_Mix ,BE B5 4/7 | G2 High33,High33,High,1,2,4/7/21,4/7/21,4/8/21,DSC_0256,DSC_0257,90.0,157.1,247.1,93,160,253,100,2.53,no,no,no
Block5,B5_All_Red_Mix ,BE B5 4/7 | G2 High34,High34,High,1,2,4/7/21,4/7/21,4/8/21,DSC_0284,DSC_0285,130.5,214.7,345.2,136,217,353,100,3.53,no,no,no
Block5,B5_All_Red_Mix ,BE B5 4/7 | G2 High35,High35,High,1,2,4/7/21,4/7/21,4/8/21,DSC_0314,DSC_0315,170.6,216.0,386.6,170,201,371,100,3.71,no,no,no
Block5,B5_All_Red_Mix ,BE B5 4/7 | G2 High36,High36,High,1,2,4/7/21,4/7/21,4/8/21,DSC_0260,DSC_0261,47.8,34.8,82.6,39,29,68,100,0.68,no,kill,kill
Block5,B5A1,BE B5 4/7 | G2 Low26,Low26,Low,1,2,4/7/21,4/7/21,4/8/21,DSC_0262,DSC_0263,140.0,159.9,299.9,131,158,289,100,2.89,no,no,no
Block5,B5_B1,BE B5 4/7 | G2 Low27,Low27,Low,1,2,4/7/21,4/7/21,4/8/21,DSC_0292,DSC_0293,193.6,36.2,229.8,198,39,237,100,2.37,no,yes,yes
Block5,B5_E1,BE B5 4/7 | G2 Low28,Low28,Low,1,2,4/7/21,4/7/21,4/8/21,DSC_0268,DSC_0269,237.6,148.0,385.6,229,145,374,100,3.74,no,yes,yes
Block5,B5_C2,BE B5 4/7 | G2 Low29,Low29,Low,1,2,4/7/21,4/7/21,4/8/21,DSC_0300,DSC_0301,153.9,126.6,280.6,149,126,275,100,2.75,no,no,no
Block5,B5_D3,BE B5 4/7 | G2 Low30,Low30,Low,1,2,4/7/21,4/7/21,4/8/21,DSC_0264,DSC_0265,142.9,198.3,341.2,141,193,334,100,3.34,no,yes,yes
Block5,B(2)5_P1 ,BE B5 4/7 | G2 Low31,Low31,Low,1,2,4/7/21,4/7/21,4/8/21,DSC_0278,DSC_0279,268.6,201.6,470.1,252,195,447,100,4.47,no,yes,yes
Block5,B(2)5_Q1 ,BE B5 4/7 | G2 Low32,Low32,Low,1,2,4/7/21,4/7/21,4/8/21,DSC_0312,DSC_0313,196.3,99.5,295.8,183,93,276,100,2.76,no,yes,yes
Block5,B(2)5_T1 ,BE B5 4/7 | G2 Low33,Low33,Low,1,2,4/7/21,4/7/21,4/8/21,DSC_0290,DSC_0291,96.9,171.2,268.1,99,171,270,100,2.7,no,yes,yes
Block5,B(2)5_U1 ,BE B5 4/7 | G2 Low34,Low34,Low,1,2,4/7/21,4/7/21,4/8/21,DSC_0272,DSC_0273,83.3,43.5,126.7,85,47,132,100,1.32,no,no,no
Block5,B(2)5_W1 ,BE B5 4/7 | G2 Low35,Low35,Low,1,2,4/7/21,4/7/21,4/8/21,DSC_0274,DSC_0275,148.3,230.4,378.7,148,228,376,100,3.76,no,no,no
Block5,B(2)5_X1 ,BE B5 4/7 | G2 Low36,Low36,Low,1,2,4/7/21,4/7/21,4/8/21,DSC_0310,DSC_0311,162.9,231.3,394.2,154,225,379,100,3.79,no,yes,yes
Block5,B5_Backup_Fam_F,BE B5 4/7 | G2 Med17,Med17,Med,1,2,4/7/21,4/7/21,4/8/21,DSC_0266,DSC_0267,194.6,222.3,416.9,196,220,416,100,4.16,no,yes,yes
Block5,B5_Backup_Fam_G,BE B5 4/7 | G2 Med18,Med18,Med,1,2,4/7/21,4/7/21,4/8/21,DSC_0282,DSC_0283,241.0,133.9,374.9,229,137,366,100,3.66,no,no,no
Block5,B5_Backup_Fam_H,BE B5 4/7 | G2 Med19,Med19,Med,1,2,4/7/21,4/7/21,4/8/21,DSC_0258,DSC_0259,109.3,116.4,225.7,114,121,235,100,2.35,no,no,yes
Block5,B5_Backup_Fam_I,BE B5 4/7 | G2 Med20,Med20,Med,1,2,4/7/21,4/7/21,4/8/21,DSC_0276,DSC_0277,140.4,141.5,281.9,142,139,281,100,2.81,no,yes,yes
Block5,B5_Backup_Fam_A,BE B5 4/7 | G2 Med21,Med21,Med,1,2,4/7/21,4/7/21,4/8/21,DSC_0288,DSC_0289,266.3,104.4,370.7,234,103,337,100,3.37,no,no,no
Block5,B5_Backup_Fam_B,BE B5 4/7 | G2 Med22,Med22,Med,1,2,4/7/21,4/7/21,4/8/21,DSC_0306,DSC_0307,91.5,119.4,210.9,88,112,200,100,2,no,yes,yes
Block5,B5_Backup_Fam_C,BE B5 4/7 | G2 Med23,Med23,Med,1,2,4/7/21,4/7/21,4/8/21,DSC_0296,DSC_0297,98.8,121.2,220.0,96,116,212,100,2.12,no,no,no
Block5,B5_Backup_Fam_D,BE B5 4/7 | G2 Med24,Med24,Med,1,2,4/7/21,4/7/21,4/8/21,DSC_0302,DSC_0303,212.1,162.1,374.3,214,162,376,100,3.76,no,no,no
Block3,B3_All_Red_Mix ,4/28 BE B3 | G3 High 1,High1,High,2,3,4/28/21,4/28/21,4/29/21,DSC_0585,DSC_0586,82.3109668,78.00590332,160.3,83,82,165,388,0.425257732,no,no,no
Block3,B3_All_Red_Mix ,4/28 BE B3 | G3 High 2,High2,High,2,3,4/28/21,4/28/21,4/29/21,DSC_0603,DSC_0604,119.2696191,84.19712891,203.5,130,93,223,313,0.712460064,no,no,no
Block3,B3_All_Red_Mix ,4/28 BE B3 | G2 High 3,High3,High,2,3,4/28/21,4/28/21,4/29/21,DSC_0625,DSC_0626,146.3105762,114.1413281,260.5,161,124,285,367,0.776566757,no,no,no
Block3,B3_All_Red_Mix ,4/28 BE B3 | G3 High 4,High4,High,2,3,4/28/21,4/28/21,4/29/21,DSC_0595,DSC_0596,87.10916992,126.6573633,213.8,91,132,223,364,0.612637363,no,no,no
Block3,B3_All_Red_Mix ,4/28 BE B3 | G3 High 5,High5,High,2,3,4/28/21,4/28/21,4/29/21,DSC_0599,DSC_0600,67.91005859,167.833457,235.7,76,188,264,344,0.76744186,no,no,no
Block3,B3_All_Red_Mix ,4/28 BE B3 | G3 High 6,High6,High,2,3,4/28/21,4/28/21,4/29/21,DSC_0619,DSC_0620,38.89262207,46.37961426,85.3,47,59,106,47,2.255319149,no,no,no
Block3,B3_All_Red_Mix ,4/28 BE B3 | G3 High 7,High7,High,2,3,4/28/21,4/28/21,4/29/21,DSC_0633,DSC_0634,13.62969604,11.88922974,25.5,18,14,32,332,0.096385542,no,no,no
Block3,B3_All_Red_Mix ,4/28 BE B3 | G3 High 8,High8,High,2,3,4/28/21,4/28/21,4/29/21,NA,NA,NA,NA,0.0,NA,NA,NA,284,NA,kill,kill,kill
Block3,B3_All_Red_Mix ,4/28 BE B3 | G3 High 9,High9,High,2,3,4/28/21,4/28/21,4/29/21,DSC_0613,DSC_0614,129.2413672,153.1439355,282.4,138,167,305,375,0.813333333,no,kill,kill
Block3,B3_All_Red_Mix ,4/28 BE B3 | G3 High 10,High10,High,2,3,4/28/21,4/28/21,4/29/21,NA,NA,NA,NA,0.0,NA,NA,NA,245,NA,kill,kill,kill
Block3,B3_All_Red_Mix ,4/28 BE B3 | G3 High 11,High11,High,2,3,4/28/21,4/28/21,4/29/21,DSC_0607,DSC_0608,22.86004883,27.24253174,50.1,24,50,74,372,NA,kill,kill,kill
Block3,B3_All_Red_Mix ,4/28 BE B3 | G3 High 12,High12,High,2,3,4/28/21,4/28/21,4/29/21,DSC_0593,DSC_0594,7.584990845,3.127023315,10.7,2,0,2,334,NA,kill,kill,kill
Block3,B(4)3_A2,4/28 BE B3 | G3 Low 1,Low1,Low,2,3,4/28/21,4/28/21,4/29/21,DSC_0635,DSC_0636,77.57741699,30.57241211,108.1,84,35,119,268,0.444029851,no,no,no
Block3,B(4)3_B1,4/28 BE B3 | G3 Low 2,Low2,Low,2,3,4/28/21,4/28/21,4/29/21,DSC_0623,DSC_0624,67.84135742,90.95570313,158.8,78,107,185,381,0.485564304,no,no,no
Block3,B(4)3_C2,4/28 BE B3 | G3 Low 3,Low3,Low,2,3,4/28/21,4/28/21,4/29/21,DSC_0605,DSC_0606,19.75783813,5.641159058,25.4,28,12,40,261,0.153256705,no,no,no
Block3,B(4)3_E1,4/28 BE B3 | G3 Low 4,Low4,Low,2,3,4/28/21,4/28/21,4/29/21,DSC_0589,DSC_0590,58.28444336,68.23413574,126.5,58,69,127,198,0.641414141,no,no,no
Block3,B(4)3_F5,4/28 BE B3 | G3 Low 5,Low5,Low,2,3,4/28/21,4/28/21,4/29/21,DSC_0631,DSC_0632,50.34295898,57.36115234,107.7,57,69,126,172,0.73255814,no,no,no
Block3,B(4)3_G1,4/28 BE B3 | G3 Low 6,Low6,Low,2,3,4/28/21,4/28/21,4/29/21,DSC_0629,DSC_0630,29.59557129,87.29506836,116.9,35,98,133,451,0.294900222,no,kill,kill
Block3,B3_A1 ,4/28 BE B3 | G3 Low 7,Low7,Low,2,3,4/28/21,4/28/21,4/29/21,DSC_0621,DSC_0622,40.37874512,47.64423828,88.0,47,54,101,147,0.68707483,no,no,no
Block3,B3_B3 ,4/28 BE B3 | G3 Low 8,Low8,Low,2,3,4/28/21,4/28/21,4/29/21,DSC_0587,DSC_0588,24.81721436,41.0311084,65.8,25,47,72,241,0.298755187,no,no,no
Block3,B3_C1 ,4/28 BE B3 | G3 Low 9,Low9,Low,2,3,4/28/21,4/28/21,4/29/21,DSC_0609,DSC_0610,60.95543945,50.27415527,111.2,71,59,130,262,0.496183206,no,no,no
Block3,B3_D1 ,4/28 BE B3 | G3 Low 10,Low10,Low,2,3,4/28/21,4/28/21,4/29/21,DSC_0639,DSC_0640,69.42636719,49.58990723,119.0,82,59,141,208,0.677884615,no,no,no
Block3,B3_E1 ,4/28 BE B3 | G3 Low 11,Low11,Low,2,3,4/28/21,4/28/21,4/29/21,DSC_0581,DSC_0582,38.23666748,45.96296387,84.2,40,42,82,215,0.381395349,no,no,no
Block3,B3_F2 ,4/28 BE B3 | G3 Low 12,Low12,Low,2,3,4/28/21,4/28/21,4/29/21,DSC_0601,DSC_0602,172.9098242,136.4550977,309.4,187,150,337,315,1.06984127,no,no,no
Block3,B3_Backup_Fam_A,4/28 BE B3 | G3 Med 1,Med1,Med,2,3,4/28/21,4/28/21,4/29/21,DSC_0591,DSC_0592,38.05019043,60.16544922,98.2,35,57,92,81,1.135802469,no,no,no
Block3,B3_Backup_Fam_B,4/28 BE B3 | G3 Med 2,Med2,Med,2,3,4/28/21,4/28/21,4/29/21,DSC_0611,DSC_0612,36.56254883,19.38139038,55.9,45,27,72,365,0.197260274,no,no,no
Block3,B3_Backup_Fam_C,4/28 BE B3 | G3 Med 3,Med3,Med,2,3,4/28/21,4/28/21,4/29/21,DSC_0627,DSC_0628,81.39686523,43.21706543,124.6,93,52,145,236,0.61440678,no,no,no
Block3,B3_Backup_Fam_D,4/28 BE B3 | G3 Med 4,Med4,Med,2,3,4/28/21,4/28/21,4/29/21,DSC_0597,DSC_0598,41.43597656,68.80831543,110.2,77,82,159,269,0.591078067,no,no,no
Block3,B3_Backup_Fam_E,4/28 BE B3 | G3 Med 5,Med5,Med,2,3,4/28/21,4/28/21,4/29/21,DSC_0617,DSC_0618,32.27113525,52.41307617,84.7,42,63,105,208,0.504807692,no,yes,yes
Block3,B3_Backup_Fam_F,4/28 BE B3 | G3 Med 6,Med6,Med,2,3,4/28/21,4/28/21,4/29/21,DSC_0583,DSC_0584,89.48375,70.46117676,159.9,90,71,161,363,0.443526171,no,no,no
Block3,B3_Backup_Fam_G,4/28 BE B3 | G3 Med 7,Med7,Med,2,3,4/28/21,4/28/21,4/29/21,DSC_0637,DSC_0638,130.877832,182.0510938,312.9,148,204,352,357,0.985994398,no,no,no
Block3,B3_Backup_Fam_H,4/28 BE B3 | G3 Med 8,Med8,Med,2,3,4/28/21,4/28/21,4/29/21,DSC_0615,DSC_0616,45.96691406,107.8168164,153.8,56,123,179,339,0.528023599,no,no,no
Block4,B4_All_Red_Mix ,5/5 BE B4 | G3 High 13,High13,High,2,3,5/5/21,5/5/21,5/6/21,DSC_0774,DSC_0775,63.41465332,125.8974414,189.3,60,113,173,315,0.549206349,no,no,no
Block4,B4_All_Red_Mix ,5/5 BE B4 | G3 High 14,High14,High,2,3,5/5/21,5/5/21,5/6/21,DSC_0790,DSC_0791,97.4718457,68.3212793,165.8,88,63,151,364,0.414835165,no,no,no
Block4,B4_All_Red_Mix ,5/5 BE B4 | G3 High 15,High15,High,2,3,5/5/21,5/5/21,5/6/21,DSC_0798,DSC_0799,12.32618408,16.34444214,28.7,9,12,21,372,0.056451613,no,no,no
Block4,B4_All_Red_Mix ,5/5 BE B4 | G3 High 16,High16,High,2,3,5/5/21,5/5/21,5/6/21,DSC_0804,DSC_0805,57.27689453,47.35131836,104.6,50,45,95,339,0.280235988,no,no,no
Block4,B4_All_Red_Mix ,5/5 BE B4 | G3 High 17,High17,High,2,3,5/5/21,5/5/21,5/6/21,DSC_0780,DSC_0781,42.76740234,66.83744141,109.6,38,62,100,304,0.328947368,no,no,no
Block4,B4_All_Red_Mix ,5/5 BE B4 | G3 High 18,High18,High,2,3,5/5/21,5/5/21,5/6/21,DSC_0752,DSC_0753,60.33262695,47.11850098,107.5,62,48,110,354,0.310734463,no,no,no
Block4,B4_All_Red_Mix ,5/5 BE B4 | G3 High 19,High19,High,2,3,5/5/21,5/5/21,5/6/21,DSC_0760,DSC_0761,151.2469434,49.58997559,200.8,147,54,201,277,0.725631769,no,no,no
Block4,B4_All_Red_Mix ,5/5 BE B4 | G3 High 20,High20,High,2,3,5/5/21,5/5/21,5/6/21,DSC_0766,DSC_0767,86.97553711,58.87194824,145.8,80,57,137,398,0.344221106,no,no,no
Block4,B4_All_Red_Mix ,5/5 BE B4 | G3 High 21,High21,High,2,3,5/5/21,5/5/21,5/6/21,DSC_0778,DSC_0779,52.2545459,44.82333496,97.1,53,41,94,392,0.239795918,no,no,no
Block4,B4_All_Red_Mix ,5/5 BE B4 | G3 High 22,High22,High,2,3,5/5/21,5/5/21,5/6/21,DSC_0746,DSC_0747,87.52470703,92.99314453,180.5,81,88,169,421,0.401425178,no,no,no
Block4,B4_All_Red_Mix ,5/5 BE B4 | G3 High 23,High23,High,2,3,5/5/21,5/5/21,5/6/21,DSC_0806,DSC_0807,127.2439844,128.5817578,255.8,118,124,242,344,0.703488372,no,no,no
Block4,B4_All_Red_Mix ,5/5 BE B4 | G3 High 24,High24,High,2,3,5/5/21,5/5/21,5/6/21,DSC_0748,DSC_0749,160.4706641,110.4786426,270.9,152,107,259,294,0.880952381,no,no,no
Block4,B4_K1,5/5 BE B4 | G3 Low 13,Low13,Low,2,3,5/5/21,5/5/21,5/6/21,DSC_0792,DSC_0793,104.6608594,66.00016602,170.7,101,68,169,351,0.481481481,no,no,no
Block4,B4_L1,5/5 BE B4 | G3 Low 14,Low14,Low,2,3,5/5/21,5/5/21,5/6/21,DSC_0794,DSC_0795,9.295391235,11.73756958,21.0,7,7,14,384,0.036458333,no,no,no
Block4,B4_M1,5/5 BE B4 | G3 Low 15,Low15,Low,2,3,5/5/21,5/5/21,5/6/21,DSC_0800,DSC_0801,15.63088867,32.75948975,48.4,11,30,41,370,0.110810811,no,no,no
Block4,B4_O1,5/5 BE B4 | G3 Low 16,Low16,Low,2,3,5/5/21,5/5/21,5/6/21,DSC_0788,DSC_0789,2.317267609,8.638243408,11.0,4,9,13,373,0.034852547,no,yes,yes
Block4,B4_P2,5/5 BE B4 | G3 Low 17,Low17,Low,2,3,5/5/21,5/5/21,5/6/21,DSC_0750,DSC_0751,264.3473828,66.88458496,331.2,265,69,334,240,1.391666667,no,no,no
Block4,B4_Q4,5/5 BE B4 | G3 Low 18,Low18,Low,2,3,5/5/21,5/5/21,5/6/21,DSC_0762,DSC_0763,53.12989258,67.99652832,121.1,53,70,123,245,0.502040816,no,no,no
Block4,B4_R1,5/5 BE B4 | G3 Low 19,Low19,Low,2,3,5/5/21,5/5/21,5/6/21,DSC_0782,DSC_0783,16.14284668,34.42297852,50.6,21,35,56,282,0.19858156,no,no,no
Block4,B4_AA1 ,5/5 BE B4 | G3 Low 20,Low20,Low,2,3,5/5/21,5/5/21,5/6/21,DSC_0756,DSC_0757,56.89539551,34.33966797,91.2,60,35,95,144,0.659722222,no,no,no
Block4,B4_AB1 ,5/5 BE B4 | G3 Low 21,Low21,Low,2,3,5/5/21,5/5/21,5/6/21,DSC_0796,DSC_0797,110.8666895,48.74398926,159.6,109,48,157,349,0.449856734,no,no,no
Block4,B4_AC1 ,5/5 BE B4 | G3 Low 22,Low22,Low,2,3,5/5/21,5/5/21,5/6/21,DSC_0770,DSC_0771,61.47445801,47.95580566,109.4,65,54,119,240,0.495833333,no,no,no
Block4,B4_AD1 ,5/5 BE B4 | G3 Low 23,Low23,Low,2,3,5/5/21,5/5/21,5/6/21,DSC_0802,DSC_0803,97.27438477,50.1946875,147.5,99,51,150,287,0.522648084,no,kill,kill
Block4,B4_AE1 ,5/5 BE B4 | G3 Low 24,Low24,Low,2,3,5/5/21,5/5/21,5/6/21,DSC_0772,DSC_0773,87.93027344,53.0009082,140.9,88,54,142,260,0.546153846,no,no,no
Block4,B4_AF1 ,5/5 BE B4 | G3 Low 25,Low25,Low,2,3,5/5/21,5/5/21,5/6/21,DSC_0764,DSC_0765,40.45484619,57.0198291,97.5,43,61,104,314,0.331210191,no,no,no
Block4,B4_Backup_Fam_AA,5/5 BE B4 | G3 Med 9,Med9,Med,2,3,5/5/21,5/5/21,5/6/21,DSC_0808,DSC_0809,119.6992383,99.79329102,219.5,116,98,214,117,1.829059829,no,no,no
Block4,B4_Backup_Fam_AB,5/5 BE B4 | G3 Med 10,Med10,Med,2,3,5/5/21,5/5/21,5/6/21,DSC_0768,DSC_0769,24.4841333,30.54638184,55.0,24,31,55,283,0.19434629,no,no,no
Block4,B4_Backup_Fam_AC,5/5 BE B4 | G3 Med 11,Med11,Med,2,3,5/5/21,5/5/21,5/6/21,DSC_0758,DSC_0759,152.6070703,92.74789063,245.4,153,95,248,146,1.698630137,no,no,no
Block4,B4_Backup_Fam_AD,5/5 BE B4 | G3 Med 12,Med12,Med,2,3,5/5/21,5/5/21,5/6/21,DSC_0744,DSC_0745,97.89960938,71.9469873,169.8,96,73,169,230,0.734782609,no,no,no
Block4,B4_Backup_Fam_K,5/5 BE B4 | G3 Med 13,Med13,Med,2,3,5/5/21,5/5/21,5/6/21,DSC_0786,DSC_0787,55.96606445,42.93702148,98.9,48,35,83,228,0.364035088,no,no,no
Block4,B4_Backup_Fam_L,5/5 BE B4 | G3 Med 14,Med14,Med,2,3,5/5/21,5/5/21,5/6/21,DSC_0784,DSC_0785,94.95412109,80.97977539,175.9,75,63,138,499,0.276553106,no,yes,yes
Block4,B4_Backup_Fam_M,5/5 BE B4 | G3 Med 15,Med15,Med,2,3,5/5/21,5/5/21,5/6/21,DSC_0776,DSC_0777,29.39455566,20.95324219,50.3,28,14,42,343,0.12244898,no,no,no
Block4,B4_Backup_Fam_P,5/5 BE B4 | G3 Med 16,Med16,Med,2,3,5/5/21,5/5/21,5/6/21,DSC_0754,DSC_0755,63.43712891,17.65532104,81.1,72,19,91,40,2.275,no,kill,kill
Block5,B5_All_Red_Mix ,5/12 BE B5 | G3 High 25,High25,High,2,3,5/12/21,5/12/21,5/13/21,DSC_0935,DSC_0936,137.7232227,113.0031641,250.7,135,108,243,359,0.676880223,no,no,no
Block5,B5_All_Red_Mix ,5/12 BE B5 | G3 High 26,High26,High,2,3,5/12/21,5/12/21,5/13/21,DSC_0920,DSC_0921,132.7224316,112.7483008,245.5,138,118,256,397,0.644836272,no,no,no
Block5,B5_All_Red_Mix ,5/12 BE B5 | G3 High 27,High27,High,2,3,5/12/21,5/12/21,5/13/21,DSC_0961,DSC_0962,68.20947754,60.20565918,128.4,62,51,113,445,0.253932584,no,no,no
Block5,B5_All_Red_Mix ,5/12 BE B5 | G3 High 28,High28,High,2,3,5/12/21,5/12/21,5/13/21,DSC_0971,DSC_0972,111.7301172,82.97191406,194.7,107,85,192,392,0.489795918,no,no,no
Block5,B5_All_Red_Mix ,5/12 BE B5 | G3 High 29,High29,High,2,3,5/12/21,5/12/21,5/13/21,DSC_0947,DSC_0948,81.13190918,71.89465332,153.0,82,67,149,314,0.474522293,no,kill,kill
Block5,B5_All_Red_Mix ,5/12 BE B5 | G3 High 30,High30,High,2,3,5/12/21,5/12/21,5/13/21,DSC_0969,DSC_0970,36.41927246,38.17634277,74.6,29,30,59,340,0.173529412,no,kill,kill
Block5,B5_All_Red_Mix ,5/12 BE B5 | G3 High 31,High31,High,2,3,5/12/21,5/12/21,5/13/21,NA,NA,NA,NA,0.0,NA,NA,NA,366,NA,kill,kill,kill
Block5,B5_All_Red_Mix ,5/12 BE B5 | G3 High 32,High32,High,2,3,5/12/21,5/12/21,5/13/21,DSC_0963,DSC_0964,13.18859375,16.2450293,29.4,9,14,23,397,0.057934509,no,no,no
Block5,B5_All_Red_Mix ,5/12 BE B5 | G3 High 33,High33,High,2,3,5/12/21,5/12/21,5/13/21,DSC_0937,DSC_0938,26.5764624,16.9684668,43.5,26,16,42,253,0.166007905,no,no,no
Block5,B5_All_Red_Mix ,5/12 BE B5 | G3 High 34,High34,High,2,3,5/12/21,5/12/21,5/13/21,DSC_0926,DSC_0927,35.96408203,12.05898926,48.0,35,12,47,353,0.133144476,no,no,no
Block5,B5_All_Red_Mix ,5/12 BE B5 | G3 High 35,High35,High,2,3,5/12/21,5/12/21,5/13/21,DSC_0955,DSC_0956,87.159375,65.2834082,152.4,76,58,134,371,0.361185984,no,no,no
Block5,B5_All_Red_Mix ,5/12 BE B5 | G3 High 36,High36,High,2,3,5/12/21,5/12/21,5/13/21,NA,NA,NA,NA,0.0,NA,NA,NA,68,NA,kill,kill,kill
Block5,B5A1,5/12 BE B5 | G3 Low 26,Low26,Low,2,3,5/12/21,5/12/21,5/13/21,DSC_0959,DSC_0960,36.70762939,33.0596875,69.8,32,26,58,289,0.200692042,no,no,no
Block5,B5_B1,5/12 BE B5 | G3 Low 27,Low27,Low,2,3,5/12/21,5/12/21,5/13/21,DSC_0924,DSC_0925,7.677919922,12.67366333,20.4,7,12,19,237,0.080168776,no,yes,yes
Block5,B5_E1,5/12 BE B5 | G3 Low 28,Low28,Low,2,3,5/12/21,5/12/21,5/13/21,DSC_0918,DSC_0919,3.085768433,3.638847351,6.7,1,1,2,374,0.005347594,no,yes,yes
Block5,B5_C2,5/12 BE B5 | G3 Low 29,Low29,Low,2,3,5/12/21,5/12/21,5/13/21,DSC_0965,DSC_0966,7.3380896,3.020886536,10.4,6,3,9,275,0.032727273,no,no,no
Block5,B5_D3,5/12 BE B5 | G3 Low 30,Low30,Low,2,3,5/12/21,5/12/21,5/13/21,DSC_0967,DSC_0968,80.94395996,71.72525879,152.7,80,66,146,334,0.437125749,no,yes,yes
Block5,B(2)5_P1 ,5/12 BE B5 | G3 Low 31,Low31,Low,2,3,5/12/21,5/12/21,5/13/21,DSC_0928,DSC_0929,190.5681836,63.51269531,254.1,203,69,272,447,0.608501119,no,yes,yes
Block5,B(2)5_Q1 ,5/12 BE B5 | G3 Low 32,Low32,Low,2,3,5/12/21,5/12/21,5/13/21,DSC_0953,DSC_0954,88.25416992,70.95212402,159.2,71,56,127,276,0.460144928,no,yes,yes
Block5,B(2)5_T1 ,5/12 BE B5 | G3 Low 33,Low33,Low,2,3,5/12/21,5/12/21,5/13/21,DSC_0930,DSC_0931,15.11254883,17.2504187,32.4,11,14,25,270,0.092592593,no,yes,yes
Block5,B(2)5_U1 ,5/12 BE B5 | G3 Low 34,Low34,Low,2,3,5/12/21,5/12/21,5/13/21,DSC_0945,DSC_0946,20.10032593,19.38735718,39.5,12,15,27,132,0.204545455,no,no,no
Block5,B(2)5_W1 ,5/12 BE B5 | G3 Low 35,Low35,Low,2,3,5/12/21,5/12/21,5/13/21,DSC_0939,DSC_0940,9.689697876,12.09672119,21.8,9,14,23,376,0.061170213,no,no,no
Block5,B(2)5_X1 ,5/12 BE B5 | G3 Low 36,Low36,Low,2,3,5/12/21,5/12/21,5/13/21,DSC_0932,DSC_0933,8.311627808,16.29217529,24.6,7,15,22,379,0.058047493,no,yes,yes
Block5,B5_Backup_Fam_F,5/12 BE B5 | G3 Med 17,Med17,Med,2,3,5/12/21,5/12/21,5/13/21,DSC_0916,DSC_0917,1.543122253,1.084327164,2.6,3,2,5,416,0.012019231,no,yes,yes
Block5,B5_Backup_Fam_G,5/12 BE B5 | G3 Med 18,Med18,Med,2,3,5/12/21,5/12/21,5/13/21,DSC_0943,DSC_0944,182.8531055,82.46311523,265.3,172,77,249,366,0.680327869,no,no,no
Block5,B5_Backup_Fam_H,5/12 BE B5 | G3 Med 19,Med19,Med,2,3,5/12/21,5/12/21,5/13/21,DSC_0957,DSC_0958,23.14341797,48.02821289,71.2,22,45,67,235,0.285106383,no,no,yes
Block5,B5_Backup_Fam_I,5/12 BE B5 | G3 Med 20,Med20,Med,2,3,5/12/21,5/12/21,5/13/21,DSC_0941,DSC_0942,8.110270996,13.94706421,22.1,11,9,20,281,0.071174377,no,yes,yes
Block5,B5_Backup_Fam_A,5/12 BE B5 | G3 Med 21,Med21,Med,2,3,5/12/21,5/12/21,5/13/21,DSC_0949,DSC_0950,10.83522705,22.71713135,33.6,7,17,24,337,0.071216617,no,no,no
Block5,B5_Backup_Fam_B,5/12 BE B5 | G3 Med 22,Med22,Med,2,3,5/12/21,5/12/21,5/13/21,DSC_0922,DSC_0923,9.168447266,6.251069336,15.4,10,6,16,200,0.08,no,yes,yes
Block5,B5_Backup_Fam_C,5/12 BE B5 | G3 Med 23,Med23,Med,2,3,5/12/21,5/12/21,5/13/21,DSC_0973,DSC_0974,49.03154785,54.1809082,103.2,42,39,81,212,0.382075472,no,no,no
Block5,B5_Backup_Fam_D,5/12 BE B5 | G3 Med 24,Med24,Med,2,3,5/12/21,5/12/21,5/13/21,DSC_0951,DSC_0952,32.10800293,35.27327881,67.4,29,26,55,376,0.146276596,no,no,no
Block3,B3 All red mix ,6/2 BE B3 | G4 High 1,High1,High,3,4,6/2/21,6/2/21,6/3/21,DSC_0206,DSC_0207,85.36105469,90.71688477,176.1,79,96,175,165,1.060606061,no,no,no
Block3,B3 All red mix ,6/2 BE B3 | G4 High 2,High2,High,3,4,6/2/21,6/2/21,6/3/21,DSC_0228,DSC_0229,91.58913086,82.62173828,174.2,88,81,169,223,0.757847534,no,no,no
Block3,B3 All red mix ,6/2 BE B3 | G4 High 3,High3,High,3,4,6/2/21,6/2/21,6/3/21,DSC_0232,DSC_0233,29.18204346,51.804375,81.0,29,53,82,285,0.287719298,no,no,no
Block3,B3 All red mix ,6/2 BE B3 | G4 High 4,High4,High,3,4,6/2/21,6/2/21,6/3/21,DSC_0222,DSC_0223,45.68363281,75.7576709,121.4,45,78,123,223,0.551569507,no,no,no
Block3,B3 All red mix ,6/2 BE B3 | G4 High 5,High5,High,3,4,6/2/21,6/2/21,6/3/21,DSC_0220,DSC_0221,56.14049316,78.32388672,134.5,58,77,135,264,0.511363636,no,no,no
Block3,B3 All red mix ,6/2 BE B3 | G4 High 6,High6,High,3,4,6/2/21,6/2/21,6/3/21,DSC_0202,DSC_0203,167.832793,114.8724707,282.7,166,119,285,106,2.688679245,no,no,no
Block3,B3 All red mix ,6/2 BE B3 | G4 High 7,High7,High,3,4,6/2/21,6/2/21,6/3/21,DSC_0186,DSC_0187,45.40868164,26.8729126,72.3,44,25,69,32,2.15625,no,no,no
Block3,B3 All red mix ,6/2 BE B3 | G4 High 8,High8,High,3,4,6/2/21,6/2/21,6/3/21,NA,NA,NA,NA,0.0,NA,NA,NA,NA,NA,kill,kill,kill
Block3,B3 All red mix ,6/2 BE B3 | G4 High 9,High9,High,3,4,6/2/21,6/2/21,6/3/21,DSC_0194,DSC_0195,85.97914063,88.49041992,174.5,81,83,164,305,0.537704918,no,kill,kill
Block3,B3 All red mix ,6/2 BE B3 | G4 High 10,High10,High,3,4,6/2/21,6/2/21,6/3/21,NA,NA,NA,NA,0.0,NA,NA,NA,NA,NA,kill,kill,kill
Block3,B3 All red mix ,6/2 BE B3 | G4 High 11,High11,High,3,4,6/2/21,6/2/21,6/3/21,NA,NA,NA,NA,0.0,NA,NA,NA,NA,NA,kill,kill,kill
Block3,B3 All red mix ,6/2 BE B3 | G4 High 12,High12,High,3,4,6/2/21,6/2/21,6/3/21,NA,NA,NA,NA,0.0,NA,NA,NA,NA,NA,kill,kill,kill
Block3,B(4)3-A2,6/2 BE B3 | G4 Low 1,Low1,Low,3,4,6/2/21,6/2/21,6/3/21,DSC_0198,DSC_0199,45.55266602,57.83231934,103.4,43,53,96,119,0.806722689,no,no,no
Block3,B(4)3-B1,6/2 BE B3 | G4 Low 2,Low2,Low,3,4,6/2/21,6/2/21,6/3/21,DSC_0226,DSC_0227,34.62108887,28.73784912,63.4,31,28,59,185,0.318918919,no,no,no
Block3,B(4)3-C2,6/2 BE B3 | G4 Low 3,Low3,Low,3,4,6/2/21,6/2/21,6/3/21,DSC_0236,DSC_0237,17.4668457,9.750888062,27.2,17,8,25,40,0.625,no,no,no
Block3,B(4)3-E1,6/2 BE B3 | G4 Low 4,Low4,Low,3,4,6/2/21,6/2/21,6/3/21,DSC_0210,DSC_0211,9.381890259,27.54889404,36.9,8,27,35,127,0.275590551,no,no,no
Block3,B(4)3-F5,6/2 BE B3 | G4 Low 5,Low5,Low,3,4,6/2/21,6/2/21,6/3/21,DSC_0188,DSC_0189,25.79685791,5.041905518,30.8,27,6,33,126,0.261904762,no,no,no
Block3,B(4)3-G1,6/2 BE B3 | G4 Low 6,Low6,Low,3,4,6/2/21,6/2/21,6/3/21,DSC_0214,DSC_0215,38.27438721,54.28974609,92.6,37,45,82,133,0.616541353,no,kill,kill
Block3,B3-A1 ,6/2 BE B3 | G4 Low 7,Low7,Low,3,4,6/2/21,6/2/21,6/3/21,DSC_0208,DSC_0209,58.46583984,60.8792041,119.3,56,54,110,101,1.089108911,no,no,no
Block3,B3-B3 ,6/2 BE B3 | G4 Low 8,Low8,Low,3,4,6/2/21,6/2/21,6/3/21,DSC_0216,DSC_0217,28.55044678,32.2568335,60.8,30,29,59,72,0.819444444,no,no,no
Block3,B3-C1 ,6/2 BE B3 | G4 Low 9,Low9,Low,3,4,6/2/21,6/2/21,6/3/21,DSC_0230,DSC_0231,60.91589844,57.4428125,118.4,60,58,118,130,0.907692308,no,no,no
Block3,B3-D1 ,6/2 BE B3 | G4 Low 10,Low10,Low,3,4,6/2/21,6/2/21,6/3/21,DSC_0184,DSC_0185,58.90883789,36.98536133,95.9,62,42,104,141,0.737588652,no,no,no
Block3,B3-E1 ,6/2 BE B3 | G4 Low 11,Low11,Low,3,4,6/2/21,6/2/21,6/3/21,DSC_0224,DSC_0225,28.32479736,22.6503418,51.0,28,22,50,82,0.609756098,no,no,no
Block3,B3-F2 ,6/2 BE B3 | G4 Low 12,Low12,Low,3,4,6/2/21,6/2/21,6/3/21,DSC_0190,DSC_0191,43.51615234,24.80541016,68.3,40,25,65,337,0.192878338,no,no,no
Block3,B3 - Backup Fam A,6/2 BE B3 | G4 Med 1,Med1,Med,3,4,6/2/21,6/2/21,6/3/21,DSC_0212,DSC_0213,45.1576416,51.49107422,96.6,34,44,78,92,0.847826087,no,no,no
Block3,B3- Backup Fam B,6/2 BE B3 | G4 Med 2,Med2,Med,3,4,6/2/21,6/2/21,6/3/21,DSC_0204,DSC_0205,47.17763672,38.31966064,85.5,47,31,78,72,1.083333333,no,no,no
Block3,B3 - Backup Fam C,6/2 BE B3 | G4 Med 3,Med3,Med,3,4,6/2/21,6/2/21,6/3/21,DSC_0234,DSC_0235,35.02852051,46.85492188,81.9,38,49,87,145,0.6,no,no,no
Block3,B3 - Backup Fam D,6/2 BE B3 | G4 Med 4,Med4,Med,3,4,6/2/21,6/2/21,6/3/21,DSC_0196,DSC_0197,61.10370605,154.7081543,215.8,60,97,157,159,0.987421384,no,no,no
Block3,B3 - Backup Fam E,6/2 BE B3 | G4 Med 5,Med5,Med,3,4,6/2/21,6/2/21,6/3/21,DSC_0238,DSC_0239,5.546352539,6.31276062,11.9,6,5,11,105,0.104761905,no,yes,yes
Block3,B3 - Backup Fam F,6/2 BE B3 | G4 Med 6,Med6,Med,3,4,6/2/21,6/2/21,6/3/21,DSC_0200,DSC_0201,31.57060791,48.70870605,80.3,29,47,76,161,0.472049689,no,no,no
Block3,B3 - Backup Fam G,6/2 BE B3 | G4 Med 7,Med7,Med,3,4,6/2/21,6/2/21,6/3/21,DSC_0192,DSC_0193,21.03627197,14.39569824,35.4,21,13,34,352,0.096590909,no,no,no
Block3,B3 - Backup Fam H,6/2 BE B3 | G4 Med 8,Med8,Med,3,4,6/2/21,6/2/21,6/3/21,DSC_0218,DSC_0219,50.70618164,59.78746582,110.5,49,59,108,179,0.603351955,no,no,no
Block4,B4 All red mix ,6/9 BE B4 | G4 High 13,High13,High,3,4,6/9/21,6/9/21,6/10/21,DSC_0394,DSC_0395,68.87055664,116.8610742,185.7,71,118,189,173,1.092485549,no,no,no
Block4,B4 All red mix ,6/9 BE B4 | G4 High 14,High14,High,3,4,6/9/21,6/9/21,6/10/21,DSC_0412,DSC_0413,41.00617676,42.0186377,83.0,42,42,84,151,0.556291391,no,no,no
Block4,B4 All red mix ,6/9 BE B4 | G4 High 15,High15,High,3,4,6/9/21,6/9/21,6/10/21,DSC_0354,DSC_0355,15.84576782,14.68957764,30.5,13,9,22,21,1.047619048,no,no,no
Block4,B4 All red mix ,6/9 BE B4 | G4 High 16,High16,High,3,4,6/9/21,6/9/21,6/10/21,DSC_0396,DSC_0397,36.09634033,63.95296875,100.0,36,59,95,95,1,no,no,no
Block4,B4 All red mix ,6/9 BE B4 | G4 High 17,High17,High,3,4,6/9/21,6/9/21,6/10/21,DSC_0400,DSC_0401,13.31846924,11.81664673,25.1,12,13,25,100,0.25,no,no,no
Block4,B4 All red mix ,6/9 BE B4 | G4 High 18,High18,High,3,4,6/9/21,6/9/21,6/10/21,DSC_0370,DSC_0371,59.60623535,62.1270459,121.7,61,61,122,110,1.109090909,no,no,no
Block4,B4 All red mix ,6/9 BE B4 | G4 High 19,High19,High,3,4,6/9/21,6/9/21,6/10/21,DSC_0350,DSC_0351,118.3478613,151.1401367,269.5,110,143,253,201,1.258706468,no,no,no
Block4,B4 All red mix ,6/9 BE B4 | G4 High 20,High20,High,3,4,6/9/21,6/9/21,6/10/21,DSC_0372,DSC_0373,61.50433594,57.37555176,118.9,63,57,120,137,0.875912409,no,no,no
Block4,B4 All red mix ,6/9 BE B4 | G4 High 21,High21,High,3,4,6/9/21,6/9/21,6/10/21,DSC_0388,DSC_0389,22.51414063,34.42867432,56.9,22,32,54,94,0.574468085,no,no,no
Block4,B4 All red mix ,6/9 BE B4 | G4 High 22,High22,High,3,4,6/9/21,6/9/21,6/10/21,DSC_0406,DSC_0407,45.66710449,29.65635742,75.3,45,29,74,169,0.437869822,no,no,no
Block4,B4 All red mix ,6/9 BE B4 | G4 High 23,High23,High,3,4,6/9/21,6/9/21,6/10/21,DSC_0358,DSC_0359,124.5241895,138.4494336,263.0,118,127,245,242,1.012396694,no,no,no
Block4,B4 All red mix ,6/9 BE B4 | G4 High 24,High24,High,3,4,6/9/21,6/9/21,6/10/21,DSC_0374,DSC_0375,120.7060449,139.9175098,260.6,109,126,235,259,0.907335907,no,no,no
Block4,B4-K1,6/9 BE B4 | G4 Low 13,Low13,Low,3,4,6/9/21,6/9/21,6/10/21,DSC_0390,DSC_0391,17.20223389,26.35126709,43.6,16,26,42,169,0.24852071,no,no,no
Block4,B4-L1,6/9 BE B4 | G4 Low 14,Low14,Low,3,4,6/9/21,6/9/21,6/10/21,DSC_0382,DSC_0383,28.14759766,23.93000488,52.1,20,16,36,14,2.571428571,no,no,no
Block4,B4-M1,6/9 BE B4 | G4 Low 15,Low15,Low,3,4,6/9/21,6/9/21,6/10/21,DSC_0398,DSC_0399,25.96780029,28.13066162,54.1,25,28,53,41,1.292682927,no,no,no
Block4,B4-O1,6/9 BE B4 | G4 Low 16,Low16,Low,3,4,6/9/21,6/9/21,6/10/21,DSC_0368,DSC_0369,1,1,2.0,1,4,5,13,0.384615385,no,yes,yes
Block4,B4-P2,6/9 BE B4 | G4 Low 17,Low17,Low,3,4,6/9/21,6/9/21,6/10/21,DSC_0392,DSC_0393,42.9616748,39.12390381,82.1,38,45,83,334,0.248502994,no,no,no
Block4,B4-Q4,6/9 BE B4 | G4 Low 18,Low18,Low,3,4,6/9/21,6/9/21,6/10/21,DSC_0352,DSC_0353,33.63709229,48.98050293,82.6,35,46,81,123,0.658536585,no,no,no
Block4,B4-R1,6/9 BE B4 | G4 Low 19,Low19,Low,3,4,6/9/21,6/9/21,6/10/21,DSC_0402,DSC_0403,27.93563721,25.73813965,53.7,34,28,62,56,1.107142857,no,no,no
Block4,B4-AA1 ,6/9 BE B4 | G4 Low 20,Low20,Low,3,4,6/9/21,6/9/21,6/10/21,DSC_0408,DSC_0409,38.47680908,26.82716553,65.3,42,28,70,95,0.736842105,no,no,no
Block4,B4-AB1 ,6/9 BE B4 | G4 Low 21,Low21,Low,3,4,6/9/21,6/9/21,6/10/21,DSC_0362,DSC_0363,3,3,6.0,4,4,8,157,0.050955414,no,no,no
Block4,B4-AC1 ,6/9 BE B4 | G4 Low 22,Low22,Low,3,4,6/9/21,6/9/21,6/10/21,DSC_0410,DSC_0411,62.34731445,62.40827148,124.8,62,63,125,119,1.050420168,no,no,no
Block4,B4-AD1 ,6/9 BE B4 | G4 Low 23,Low23,Low,3,4,6/9/21,6/9/21,6/10/21,DSC_0384,DSC_0385,105.8306836,39.33506348,145.2,102,33,135,150,0.9,no,kill,kill
Block4,B4-AE1 ,6/9 BE B4 | G4 Low 24,Low24,Low,3,4,6/9/21,6/9/21,6/10/21,DSC_0364,DSC_0365,35.62843262,24.53221924,60.2,33,18,51,142,0.35915493,no,no,no
Block4,B4-AF1 ,6/9 BE B4 | G4 Low 25,Low25,Low,3,4,6/9/21,6/9/21,6/10/21,DSC_0378,DSC_0379,59.80729492,40.42740234,100.2,58,37,95,104,0.913461538,no,no,no
Block4,B4 - Backup Fam AA,6/9 BE B4 | G4 Med 9,Med9,Med,3,4,6/9/21,6/9/21,6/10/21,DSC_0366,DSC_0367,102.6630176,97.32917969,200.0,97,94,191,214,0.892523364,no,no,no
Block4,B4 - Backup Fam AB,6/9 BE B4 | G4 Med 10,Med10,Med,3,4,6/9/21,6/9/21,6/10/21,DSC_0404,DSC_0405,49.85532227,21.18581787,71.0,50,20,70,55,1.272727273,no,no,no
Block4, B4 - Backup Fam AC,6/9 BE B4 | G4 Med 11,Med11,Med,3,4,6/9/21,6/9/21,6/10/21,DSC_0380,DSC_0381,21.02595215,38.60138428,59.6,20,29,49,248,0.197580645,no,no,no
Block4, B4 - Backup Fam AD,6/9 BE B4 | G4 Med 12,Med12,Med,3,4,6/9/21,6/9/21,6/10/21,DSC_0356,DSC_0357,3.954677734,3.286947937,7.2,4,1,5,169,0.029585799,no,no,no
Block4,B4 - Backup Fam K,6/9 BE B4 | G4 Med 13,Med13,Med,3,4,6/9/21,6/9/21,6/10/21,DSC_0415,DSC_0416,17.20217773,33.50807617,50.7,17,34,51,83,0.614457831,no,no,no
Block4,B4-Backup Fam L,6/9 BE B4 | G4 Med 14,Med14,Med,3,4,6/9/21,6/9/21,6/10/21,DSC_0376,DSC_0377,10.97499023,1,12.0,7,1,8,138,0.057971014,no,yes,yes
Block4,B4-Backup Fam M,6/9 BE B4 | G4 Med 15,Med15,Med,3,4,6/9/21,6/9/21,6/10/21,DSC_0386,DSC_0387,26.57366943,42.4668457,69.0,20,32,52,42,1.238095238,no,no,no
Block4,B4-Backup Fam P,6/9 BE B4 | G4 Med 16,Med16,Med,3,4,6/9/21,6/9/21,6/10/21,DSC_0360,DSC_0361,62.26532715,71.94279785,134.2,65,139,204,91,2.241758242,no,kill,kill
Block5,B5 All red mix ,6/16 BE B5 | G4 High 25,High25,High,3,4,6/16/21,6/16/21,6/17/21,DSC_0551,DSC_0552,120.8452344,70.94830078,191.8,109,64,173,243,0.711934156,no,no,no
Block5,B5 All red mix ,6/16 BE B5 | G4 High 26,High26,High,3,4,6/16/21,6/16/21,6/17/21,DSC_0545,DSC_0546,9,5,14.0,10,5,15,256,0.05859375,no,no,no
Block5,B5 All red mix ,6/16 BE B5 | G4 High 27,High27,High,3,4,6/16/21,6/16/21,6/17/21,DSC_0553,DSC_0554,35.6865332,14,49.7,33,14,47,113,0.415929204,no,no,no
Block5,B5 All red mix ,6/16 BE B5 | G4 High 28,High28,High,3,4,6/16/21,6/16/21,6/17/21,DSC_0557,DSC_0558,37.62229248,56.14827637,93.8,,,,192,0,no,no,no
Block5,B5 All red mix ,6/16 BE B5 | G4 High 29,High29,High,3,4,6/16/21,6/16/21,6/17/21,DSC_0564,DSC_0565,117.9344336,107.3766504,225.3,114,101,215,149,1.44295302,no,kill,kill
Block5,B5 All red mix ,6/16 BE B5 | G4 High 30,High30,High,3,4,6/16/21,6/16/21,6/17/21,DSC_0532,DSC_0533,46.02365723,56.48258301,102.5,44,57,101,59,1.711864407,no,kill,kill
Block5,B5 All red mix ,6/16 BE B5 | G4 High 31,High31,High,3,4,6/16/21,6/16/21,6/17/21,NA,NA,0,0,NA,NA,NA,NA,NA,NA,kill,kill,kill
Block5,B5 All red mix ,6/16 BE B5 | G4 High 32,High32,High,3,4,6/16/21,6/16/21,6/17/21,DSC_0555,DSC_0556,16.6383374,12.62713257,29.3,,10,10,23,0.434782609,no,no,no
Block5,B5 All red mix ,6/16 BE B5 | G4 High 33,High33,High,3,4,6/16/21,6/16/21,6/17/21,DSC_0543,DSC_0544,11.78810303,6.886168823,18.7,11,6,17,42,0.404761905,no,no,no
Block5,B5 All red mix ,6/16 BE B5 | G4 High 34,High34,High,3,4,6/16/21,6/16/21,6/17/21,DSC_0524,DSC_0525,29.16472168,38.41291016,67.6,29,34,63,47,1.340425532,no,no,no
Block5,B5 All red mix ,6/16 BE B5 | G4 High 35,High35,High,3,4,6/16/21,6/16/21,6/17/21,DSC_0534,DSC_0535,50.93936523,33.62953857,84.6,51,32,83,134,0.619402985,no,no,no
Block5,B5 All red mix ,6/16 BE B5 | G4 High 36,High36,High,3,4,6/16/21,6/16/21,6/17/21,NA,NA,0,0,NA,NA,NA,NA,NA,NA,kill,kill,kill
Block5,B5-A1,6/16 BE B5 | G4 Low 26,Low26,Low,3,4,6/16/21,6/16/21,6/17/21,DSC_0536,DSC_0537,3,6,9.0,3,6,9,58,0.155172414,no,no,no
Block5,B5-B1,6/16 BE B5 | G4 Low 27,Low27,Low,3,4,6/16/21,6/16/21,6/17/21,DSC_0526,DSC_0527,5.090878296,0,5.1,3,0,3,19,0.157894737,no,yes,yes
Block5,B5-E1,6/16 BE B5 | G4 Low 28,Low28,Low,3,4,6/16/21,6/16/21,6/17/21,NA,NA,0,0,0.0,0,0,0,2,0,extinct,yes,yes
Block5,B5-C1,6/16 BE B5 | G4 Low 29,Low29,Low,3,4,6/16/21,6/16/21,6/17/21,DSC_0566,NA,4,0,4.0,4,0,4,9,0.444444444,no,no,no
Block5,B5-D1,6/16 BE B5 | G4 Low 30,Low30,Low,3,4,6/16/21,6/16/21,6/17/21,DSC_0559,NA,1.383919983,0,1.4,1,0,1,146,0.006849315,no,yes,yes
Block5,B(2)5-P1 ,6/16 BE B5 | G4 Low 31,Low31,Low,3,4,6/16/21,6/16/21,6/17/21,NA,DSC_0541,0,1,1.0,1,1,2,272,0.007352941,no,yes,yes
Block5,B(2)5-Q1 ,6/16 BE B5 | G4 Low 32,Low32,Low,3,4,6/16/21,6/16/21,6/17/21,NA,NA,0,0,0.0,0,0,0,127,0,extinct,yes,yes
Block5,B(2)5-T1 ,6/16 BE B5 | G4 Low 33,Low33,Low,3,4,6/16/21,6/16/21,6/17/21,DSC_0549,DSC_0550,2,1,3.0,2,1,3,25,0.12,no,yes,yes
Block5,B(2)5-U1 ,6/16 BE B5 | G4 Low 34,Low34,Low,3,4,6/16/21,6/16/21,6/17/21,DSC_0562,DSC_0563,54.69154297,30.36158936,85.1,55,27,82,27,3.037037037,no,no,no
Block5,B(2)5-W1 ,6/16 BE B5 | G4 Low 35,Low35,Low,3,4,6/16/21,6/16/21,6/17/21,DSC_0567,DSC_0568,5,2,7.0,5,2,7,23,0.304347826,no,no,no
Block5,B(2)5-X1 ,6/16 BE B5 | G4 Low 36,Low36,Low,3,4,6/16/21,6/16/21,6/17/21,DSC_0540,NA,1,0,1.0,1,0,1,22,0.045454545,no,yes,yes
Block5,B5 - Backup Fam F,6/16 BE B5 | G4 Med 17,Med17,Med,3,4,6/16/21,6/16/21,6/17/21,NA,NA,0,0,0.0,0,0,0,5,0,extinct,yes,yes
Block5,B5 - Backup Fam G,6/16 BE B5 | G4 Med 18,Med18,Med,3,4,6/16/21,6/16/21,6/17/21,DSC_0560,DSC_0561,161.8003027,99.29585938,261.1,154,96,250,249,1.004016064,no,no,no
Block5,B5 - Backup Fam H,6/16 BE B5 | G4 Med 19,Med19,Med,3,4,6/16/21,6/16/21,6/17/21,DSC_0538,DSC_0539,10.33443848,5,15.3,10,5,15,67,0.223880597,no,no,yes
Block5,B5 - Backup Fam I,6/16 BE B5 | G4 Med 20,Med20,Med,3,4,6/16/21,6/16/21,6/17/21,DSC_0542,NA,1,0,1.0,1,0,1,20,0.05,no,yes,yes
Block5,B5-Backup Fam A,6/16 BE B5 | G4 Med 21,Med21,Med,3,4,6/16/21,6/16/21,6/17/21,DSC_0528,DSC_0529,7.279171143,17.65860962,24.9,8,20,28,24,1.166666667,no,no,no
Block5,B5-Backup Fam B,6/16 BE B5 | G4 Med 22,Med22,Med,3,4,6/16/21,6/16/21,6/17/21,NA,NA,0,0,0.0,0,0,0,16,0,extinct,yes,yes
Block5,B5-Backup Fam C,6/16 BE B5 | G4 Med 23,Med23,Med,3,4,6/16/21,6/16/21,6/17/21,DSC_0547,DSC_0548,55.17166504,30.52412354,85.7,49,27,76,81,0.938271605,no,no,no
Block5,B5-Backup Fam D,6/16 BE B5 | G4 Med 24,Med24,Med,3,4,6/16/21,6/16/21,6/17/21,DSC_0530,DSC_0531,6,9.998034058,16.0,6,10,16,55,0.290909091,no,no,no
Block3,B3 All red mix ,7/7 BE B3 | G5 High 1,High1,High,4,5,7/7/21,7/7/21,7/8/21,DSC_0779,DSC_0780,26.64927734,5.149584961,31.8,27,4,31,175,0.177142857,no,no,no
Block3,B3 All red mix ,7/7 BE B3 | G5 High 2,High2,High,4,5,7/7/21,7/7/21,7/8/21,DSC_0785,DSC_0786,37.19822266,25.57641602,62.8,37,25,62,169,0.366863905,no,no,no
Block3,B3 All red mix ,7/7 BE B3 | G5 High 3,High3,High,4,5,7/7/21,7/7/21,7/8/21,DSC_0826,DSC_0827,30.55951172,68.01517578,98.6,13,64,77,82,0.93902439,no,no,no
Block3,B3 All red mix ,7/7 BE B3 | G5 High 4,High4,High,4,5,7/7/21,7/7/21,7/8/21,DSC_0809,DSC_0810,93.42832031,44.70595215,138.1,84,45,129,123,1.048780488,no,no,no
Block3,B3 All red mix ,7/7 BE B3 | G5 High 5,High5,High,4,5,7/7/21,7/7/21,7/8/21,DSC_0799,DSC_0800,104.4456641,99.7847168,204.2,107,98,205,135,1.518518519,no,no,no
Block3,B3 All red mix ,7/7 BE B3 | G5 High 6,High6,High,4,5,7/7/21,7/7/21,7/8/21,DSC_0822,DSC_0823,27.59219482,56.42507813,84.0,26,52,78,285,0.273684211,no,no,no
Block3,B3 All red mix ,7/7 BE B3 | G5 High 7,High7,High,4,5,7/7/21,7/7/21,7/8/21,DSC_0807,DSC_0808,112.1595215,76.56870605,188.7,108,73,181,69,2.623188406,no,no,no
Block3,B3 All red mix ,7/7 BE B3 | G5 High 8,High8,High,4,5,7/7/21,7/7/21,7/8/21,NA,NA,NA,NA,0.0,NA,NA,NA,NA,NA,kill,kill,kill
Block3,B3 All red mix ,7/7 BE B3 | G5 High 9,High9,High,4,5,7/7/21,7/7/21,7/8/21,DSC_0787,DSC_0788,85.31118164,55.0908252,140.4,80,52,132,164,0.804878049,no,kill,kill
Block3,B3 All red mix ,7/7 BE B3 | G5 High 10,High10,High,4,5,7/7/21,7/7/21,7/8/21,NA,NA,NA,NA,0.0,NA,NA,NA,NA,NA,kill,kill,kill
Block3,B3 All red mix ,7/7 BE B3 | G5 High 11,High11,High,4,5,7/7/21,7/7/21,7/8/21,NA,NA,NA,NA,0.0,NA,NA,NA,NA,NA,kill,kill,kill
Block3,B3 All red mix ,7/7 BE B3 | G5 High 12,High12,High,4,5,7/7/21,7/7/21,7/8/21,NA,NA,NA,NA,0.0,NA,NA,NA,NA,NA,kill,kill,kill
Block3,B(4)3-A2,7/7 BE B3 | G5 Low 1,Low1,Low,4,5,7/7/21,7/7/21,7/8/21,DSC_0824,DSC_0825,6.936246948,133.5987891,140.5,5,130,135,96,1.40625,no,no,no
Block3,B(4)3-B1,7/7 BE B3 | G5 Low 2,Low2,Low,4,5,7/7/21,7/7/21,7/8/21,DSC_0793,DSC_0794,16.17072144,44.67484375,60.8,15,43,58,59,0.983050847,no,no,no
Block3,B(4)3-C2,7/7 BE B3 | G5 Low 3,Low3,Low,4,5,7/7/21,7/7/21,7/8/21,DSC_0791,DSC_0792,58.83499023,30.06526123,88.9,57,31,88,25,3.52,no,no,no
Block3,B(4)3-E1,7/7 BE B3 | G5 Low 4,Low4,Low,4,5,7/7/21,7/7/21,7/8/21,DSC_0816,DSC_0817,57.59678711,77.12836426,134.7,56,77,133,35,3.8,no,no,no
Block3,B(4)3-F5,7/7 BE B3 | G5 Low 5,Low5,Low,4,5,7/7/21,7/7/21,7/8/21,DSC_0828,DSC_0829,37.55359131,50.64268555,88.2,39,52,91,33,2.757575758,no,no,no
Block3,B(4)3-G1,7/7 BE B3 | G5 Low 6,Low6,Low,4,5,7/7/21,7/7/21,7/8/21,NA,NA,NA,NA,0.0,NA,NA,NA,82,NA,kill,kill,kill
Block3,B3-A1 ,7/7 BE B3 | G5 Low 7,Low7,Low,4,5,7/7/21,7/7/21,7/8/21,DSC_0801,DSC_0802,25.74288574,23.64610596,49.4,19,20,39,110,0.354545455,no,no,no
Block3,B3-B3 ,7/7 BE B3 | G5 Low 8,Low8,Low,4,5,7/7/21,7/7/21,7/8/21,DSC_0797,DSC_0798,68.8472998,42.32692383,111.2,70,45,115,59,1.949152542,no,no,no
Block3,B3-C1 ,7/7 BE B3 | G5 Low 9,Low9,Low,4,5,7/7/21,7/7/21,7/8/21,DSC_0805,DSC_0806,59.16126953,55.86455078,115.0,60,57,117,118,0.991525424,no,no,no
Block3,B3-D1 ,7/7 BE B3 | G5 Low 10,Low10,Low,4,5,7/7/21,7/7/21,7/8/21,DSC_0820,DSC_0821,13.52821045,17.61657227,31.1,14,17,31,104,0.298076923,no,no,no
Block3,B3-E1 ,7/7 BE B3 | G5 Low 11,Low11,Low,4,5,7/7/21,7/7/21,7/8/21,DSC_0777,DSC_0778,4.60806427,11.75002441,16.4,1,9,10,50,0.2,no,no,no
Block3,B3-F2 ,7/7 BE B3 | G5 Low 12,Low12,Low,4,5,7/7/21,7/7/21,7/8/21,DSC_0781,DSC_0782,19.48543579,20.14501953,39.6,20,22,42,65,0.646153846,no,no,no
Block3,B3 - Backup Fam A,7/7 BE B3 | G5 Med 1,Med1,Med,4,5,7/7/21,7/7/21,7/8/21,DSC_0811,DSC_0812,1.873849487,10.21970947,12.1,2,12,14,78,0.179487179,no,no,no
Block3,B3- Backup Fam B,7/7 BE B3 | G5 Med 2,Med2,Med,4,5,7/7/21,7/7/21,7/8/21,DSC_0789,DSC_0790,20.95559326,53.09770996,74.1,21,51,72,78,0.923076923,no,no,no
Block3,B3 - Backup Fam C,7/7 BE B3 | G5 Med 3,Med3,Med,4,5,7/7/21,7/7/21,7/8/21,DSC_0795,DSC_0796,43.62409668,39.43145264,83.1,44,38,82,87,0.942528736,no,no,no
Block3,B3 - Backup Fam D,7/7 BE B3 | G5 Med 4,Med4,Med,4,5,7/7/21,7/7/21,7/8/21,DSC_0783,DSC_0784,22.84113281,8.624622192,31.5,10,10,20,157,0.127388535,no,no,no
Block3,B3 - Backup Fam E,7/7 BE B3 | G5 Med 5,Med5,Med,4,5,7/7/21,7/7/21,7/8/21,NA,DSC_0830,NA,NA,0.0,NA,NA,NA,11,NA,no,yes,yes
Block3,B3 - Backup Fam F,7/7 BE B3 | G5 Med 6,Med6,Med,4,5,7/7/21,7/7/21,7/8/21,DSC_0813,DSC_0814,40.60780273,32.6144873,73.2,41,31,72,76,0.947368421,no,no,no
Block3,B3 - Backup Fam G,7/7 BE B3 | G5 Med 7,Med7,Med,4,5,7/7/21,7/7/21,7/8/21,DSC_0818,DSC_0819,34.65007324,26.23838379,60.9,36,25,61,34,1.794117647,no,no,no
Block3,B3 - Backup Fam H,7/7 BE B3 | G5 Med 8,Med8,Med,4,5,7/7/21,7/7/21,7/8/21,DSC_0803,DSC_0804,72.3971582,56.75129395,129.1,72,54,126,108,1.166666667,no,no,no
Block4,B4 All red mix ,7/14 BE B4 | G5 High 13,High13,High,4,5,7/14/21,7/14/21,7/15/21,DSC_0943,DSC_0944,52.09597656,45.62729492,97.7,47,44,91,189,0.481481481,no,no,no
Block4,B4 All red mix ,7/14 BE B4 | G5 High 14,High14,High,4,5,7/14/21,7/14/21,7/15/21,DSC_0986,DSC_0987,55.48883789,84.00960938,139.5,55,76,131,84,1.55952381,no,no,no
Block4,B4 All red mix ,7/14 BE B4 | G5 High 15,High15,High,4,5,7/14/21,7/14/21,7/15/21,DSC_0970,DSC_0971,39.63772705,11.47420532,51.1,41,10,51,22,2.318181818,no,no,no
Block4,B4 All red mix ,7/14 BE B4 | G5 High 16,High16,High,4,5,7/14/21,7/14/21,7/15/21,DSC_0937,DSC_0938,56.79829102,91.78382813,148.6,58,89,147,95,1.547368421,no,no,no
Block4,B4 All red mix ,7/14 BE B4 | G5 High 17,High17,High,4,5,7/14/21,7/14/21,7/15/21,DSC_0947,DSC_0948,21.71735352,13.32795044,35.0,18,10,28,25,1.12,no,no,no
Block4,B4 All red mix ,7/14 BE B4 | G5 High 18,High18,High,4,5,7/14/21,7/14/21,7/15/21,DSC_0997,DSC_0998,61.41314453,47.19288086,108.6,59,47,106,122,0.868852459,no,no,no
Block4,B4 All red mix ,7/14 BE B4 | G5 High 19,High19,High,4,5,7/14/21,7/14/21,7/15/21,DSC_0978,DSC_0979,58.13698242,38.40005615,96.5,58,38,96,253,0.37944664,no,no,no
Block4,B4 All red mix ,7/14 BE B4 | G5 High 20,High20,High,4,5,7/14/21,7/14/21,7/15/21,DSC_0992,DSC_0993,63.33179688,94.57307617,157.9,63,91,154,120,1.283333333,no,no,no
Block4,B4 All red mix ,7/14 BE B4 | G5 High 21,High21,High,4,5,7/14/21,7/14/21,7/15/21,DSC_0988,DSC_0989,79.53692383,34.32245605,113.9,76,31,107,54,1.981481481,no,no,no
Block4,B4 All red mix ,7/14 BE B4 | G5 High 22,High22,High,4,5,7/14/21,7/14/21,7/15/21,DSC_0954,DSC_0955,29.79811035,25.51866211,55.3,26,22,48,74,0.648648649,no,no,no
Block4,B4 All red mix ,7/14 BE B4 | G5 High 23,High23,High,4,5,7/14/21,7/14/21,7/15/21,DSC_0980,DSC_0981,63.67313965,48.77251953,112.4,67,50,117,245,0.47755102,no,no,no
Block4,B4 All red mix ,7/14 BE B4 | G5 High 24,High24,High,4,5,7/14/21,7/14/21,7/15/21,DSC_0968,DSC_0969,15.93170776,48.35814941,64.3,18,52,70,235,0.29787234,no,no,no
Block4,B4-K1,7/14 BE B4 | G5 Low 13,Low13,Low,4,5,7/14/21,7/14/21,7/15/21,DSC_0939,DSC_0940,12.11116699,22.16390381,34.3,12,19,31,42,0.738095238,no,no,no
Block4,B4-L1,7/14 BE B4 | G5 Low 14,Low14,Low,4,5,7/14/21,7/14/21,7/15/21,DSC_0958,DSC_0959,56.16321777,51.04655273,107.2,53,50,103,36,2.861111111,no,no,no
Block4,B4-M1,7/14 BE B4 | G5 Low 15,Low15,Low,4,5,7/14/21,7/14/21,7/15/21,DSC_0941,DSC_0942,50.72394531,26.84720459,77.6,50,23,73,53,1.377358491,no,no,no
Block4,B4-O1,7/14 BE B4 | G5 Low 16,Low16,Low,4,5,7/14/21,7/14/21,7/15/21,NA,DSC_0994,0,2,2.0,NA,2,NA,5,NA,no,yes,yes
Block4,B4-P2,7/14 BE B4 | G5 Low 17,Low17,Low,4,5,7/14/21,7/14/21,7/15/21,DSC_0945,DSC_0946,43.70384277,31.18185059,74.9,45,32,77,83,0.927710843,no,no,no
Block4,B4-Q4,7/14 BE B4 | G5 Low 18,Low18,Low,4,5,7/14/21,7/14/21,7/15/21,DSC_0974,DSC_0975,74.55640625,30.54810547,105.1,77,30,107,81,1.320987654,no,no,no
Block4,B4-R1,7/14 BE B4 | G5 Low 19,Low19,Low,4,5,7/14/21,7/14/21,7/15/21,NA,DSC_0951,NA,10.09215454,20.2,NA,8,NA,62,NA,no,no,no
Block4,B4-AA1 ,7/14 BE B4 | G5 Low 20,Low20,Low,4,5,7/14/21,7/14/21,7/15/21,DSC_0956,DSC_0957,6,1,7.0,6,1,7,70,0.1,no,no,no
Block4,B4-AB1 ,7/14 BE B4 | G5 Low 21,Low21,Low,4,5,7/14/21,7/14/21,7/15/21,DSC_0962,DSC_0963,3,3,6.0,3,3,6,8,0.75,no,no,no
Block4,B4-AC1 ,7/14 BE B4 | G5 Low 22,Low22,Low,4,5,7/14/21,7/14/21,7/15/21,DSC_0990,DSC_0991,15.52963257,21.31766113,36.8,17,19,36,125,0.288,no,no,no
Block4,B4-AD1 ,7/14 BE B4 | G5 Low 23,Low23,Low,4,5,7/14/21,7/14/21,7/15/21,DSC_0982,DSC_0983,15.55289673,15.59511841,31.1,17,19,36,135,0.266666667,no,kill,kill
Block4,B4-AE1 ,7/14 BE B4 | G5 Low 24,Low24,Low,4,5,7/14/21,7/14/21,7/15/21,DSC_0966,DSC_0967,13.47379517,11.87341187,25.3,13,8,21,51,0.411764706,no,no,no
Block4,B4-AF1 ,7/14 BE B4 | G5 Low 25,Low25,Low,4,5,7/14/21,7/14/21,7/15/21,DSC_0972,DSC_0973,18.59882324,44.81496094,63.4,19,46,65,95,0.684210526,no,no,no
Block4,B4 - Backup Fam AA,7/14 BE B4 | G5 Med 9,Med9,Med,4,5,7/14/21,7/14/21,7/15/21,DSC_0995,DSC_0996,78.46709961,53.97628906,132.4,76,51,127,191,0.664921466,no,no,no
Block4,B4 - Backup Fam AB,7/14 BE B4 | G5 Med 10,Med10,Med,4,5,7/14/21,7/14/21,7/15/21,DSC_0949,DSC_0950,8,3,11.0,8,3,11,70,0.157142857,no,no,no
Block4, B4 - Backup Fam AC,7/14 BE B4 | G5 Med 11,Med11,Med,4,5,7/14/21,7/14/21,7/15/21,DSC_0964,DSC_0965,86.46981445,47.8384375,134.3,83,44,127,49,2.591836735,no,no,no
Block4, B4 - Backup Fam AD,7/14 BE B4 | G5 Med 12,Med12,Med,4,5,7/14/21,7/14/21,7/15/21,DSC_0976,DSC_0977,7.055127563,5.701184082,12.8,7,4,11,5,2.2,no,no,no
Block4,B4 - Backup Fam K,7/14 BE B4 | G5 Med 13,Med13,Med,4,5,7/14/21,7/14/21,7/15/21,DSC_0984,DSC_0985,40.98876953,53.94172363,94.9,43,55,98,51,1.921568627,no,no,no
Block4,B4-Backup Fam L,7/14 BE B4 | G5 Med 14,Med14,Med,4,5,7/14/21,7/14/21,7/15/21,NA,NA,0,0,0.0,NA,NA,NA,8,NA,extinct,yes,yes
Block4,B4-Backup Fam M,7/14 BE B4 | G5 Med 15,Med15,Med,4,5,7/14/21,7/14/21,7/15/21,DSC_0952,DSC_0953,89.75208008,60.64786133,150.4,86,57,143,52,2.75,no,no,no
Block4,B4-Backup Fam P,7/14 BE B4 | G5 Med 16,Med16,Med,4,5,7/14/21,7/14/21,7/15/21,DSC_0960,DSC_0961,72.61339355,67.37888672,140.0,76,71,147,204,0.720588235,no,kill,kill
Block5,B5 All red mix ,7/21 BE B5 | G5 High 25,High25,High,4,5,7/21/21,7/21/21,7/22/21,DSC_0135,DSC_0137,16.30980957,74.67400391,91.0,76,82,158,173,0.913294798,no,no,no
Block5,B5 All red mix ,7/21 BE B5 | G5 High 26,High26,High,4,5,7/21/21,7/21/21,7/22/21,DSC_0121,DSC_0122,4.600951233,15.41831299,20.0,2,14,16,15,1.066666667,no,no,no
Block5,B5 All red mix ,7/21 BE B5 | G5 High 27,High27,High,4,5,7/21/21,7/21/21,7/22/21,DSC_0115,DSC_0116,68.50525879,60.00503906,128.5,69,59,128,47,2.723404255,no,no,no
Block5,B5 All red mix ,7/21 BE B5 | G5 High 28,High28,High,4,5,7/21/21,7/21/21,7/22/21,DSC_0129,DSC_0130,120.7201563,61.17425781,181.9,117,52,169,93.8,1.802271246,no,no,no
Block5,B5 All red mix ,7/21 BE B5 | G5 High 29,High29,High,4,5,7/21/21,7/21/21,7/22/21,DSC_0106,DSC_0107,54.53839844,78.18308594,132.7,53,75,128,215,0.595348837,no,kill,kill
Block5,B5 All red mix ,7/21 BE B5 | G5 High 30,High30,High,4,5,7/21/21,7/21/21,7/22/21,NA,NA,NA,NA,NA,NA,NA,NA,101,NA,kill,kill,kill
Block5,B5 All red mix ,7/21 BE B5 | G5 High 31,High31,High,4,5,7/21/21,7/21/21,7/22/21,NA,NA,NA,NA,NA,NA,NA,NA,NA,NA,kill,kill,kill
Block5,B5 All red mix ,7/21 BE B5 | G5 High 32,High32,High,4,5,7/21/21,7/21/21,7/22/21,DSC_0125,DSC_0126,34.22928467,33.6575,67.9,30,30,60,10,6,no,no,no
Block5,B5 All red mix ,7/21 BE B5 | G5 High 33,High33,High,4,5,7/21/21,7/21/21,7/22/21,DSC_0131,DSC_0132,35.54214844,22.99651123,58.5,32,18,50,17,2.941176471,no,no,no
Block5,B5 All red mix ,7/21 BE B5 | G5 High 34,High34,High,4,5,7/21/21,7/21/21,7/22/21,DSC_0141,DSC_0142,85.4746875,68.28404785,153.8,78,66,144,63,2.285714286,no,no,no
Block5,B5 All red mix ,7/21 BE B5 | G5 High 35,High35,High,4,5,7/21/21,7/21/21,7/22/21,DSC_0133,DSC_0134,69.13148438,113.7554492,182.9,62,102,164,83,1.975903614,no,no,no
Block5,B5 All red mix ,7/21 BE B5 | G5 High 36,High36,High,4,5,7/21/21,7/21/21,7/22/21,NA,NA,NA,NA,NA,NA,NA,NA,NA,NA,kill,kill,kill
Block5,B5-A1,7/21 BE B5 | G5 Low 26,Low26,Low,4,5,7/21/21,7/21/21,7/22/21,DSC_0136,DSC_0138,25.61602295,83.65135742,109.3,10,25,35,9,3.888888889,no,no,no
Block5,B5-B1,7/21 BE B5 | G5 Low 27,Low27,Low,4,5,7/21/21,7/21/21,7/22/21,NA,NA,0,0,0.0,0,0,0,3,0,extinct,yes,yes
Block5,B5-E1,7/21 BE B5 | G5 Low 28,Low28,Low,4,5,7/21/21,7/21/21,7/22/21,NA,NA,NA,NA,0,NA,NA,NA,0,NA,extinct,yes,yes
Block5,B5-C1,7/21 BE B5 | G5 Low 29,Low29,Low,4,5,7/21/21,7/21/21,7/22/21,DSC_0108,DSC_0109,1,9,10.0,1,7,8,4,2,no,no,yes
Block5,B5-D1,7/21 BE B5 | G5 Low 30,Low30,Low,4,5,7/21/21,7/21/21,7/22/21,NA,NA,0,0,0.0,0,0,0,1,0,extinct,yes,yes
Block5,B(2)5-P1 ,7/21 BE B5 | G5 Low 31,Low31,Low,4,5,7/21/21,7/21/21,7/22/21,NA,NA,0,0,0.0,0,0,0,2,0,extinct,yes,yes
Block5,B(2)5-Q1 ,7/21 BE B5 | G5 Low 32,Low32,Low,4,5,7/21/21,7/21/21,7/22/21,NA,NA,NA,NA,0,NA,NA,NA,0,NA,extinct,yes,yes
Block5,B(2)5-T1 ,7/21 BE B5 | G5 Low 33,Low33,Low,4,5,7/21/21,7/21/21,7/22/21,DSC_0117,DSC_0118,1,1,2.0,1,1,2,3,0.666666667,no,yes,yes
Block5,B(2)5-U1 ,7/21 BE B5 | G5 Low 34,Low34,Low,4,5,7/21/21,7/21/21,7/22/21,DSC_0143,DSC_0144,70.39951172,67.61111328,138.0,66,63,129,82,1.573170732,no,no,no
Block5,B(2)5-W1 ,7/21 BE B5 | G5 Low 35,Low35,Low,4,5,7/21/21,7/21/21,7/22/21,DSC_0110,DSC_0111,27.80630127,16.70477295,44.5,19,17,36,7,5.142857143,no,no,no
Block5,B(2)5-X1 ,7/21 BE B5 | G5 Low 36,Low36,Low,4,5,7/21/21,7/21/21,7/22/21,NA,NA,0,0,0.0,0,0,0,1,0,extinct,yes,yes
Block5,B5 - Backup Fam F,7/21 BE B5 | G5 Med 17,Med17,Med,4,5,7/21/21,7/21/21,7/22/21,NA,NA,NA,NA,0,NA,NA,NA,0,NA,extinct,yes,yes
Block5,B5 - Backup Fam G,7/21 BE B5 | G5 Med 18,Med18,Med,4,5,7/21/21,7/21/21,7/22/21,DSC_0139,DSC_0140,73.08293945,76.85172363,149.9,70,71,141,250,0.564,no,no,no
Block5,B5 - Backup Fam H,7/21 BE B5 | G5 Med 19,Med19,Med,4,5,7/21/21,7/21/21,7/22/21,DSC_0119,DSC_0120,5.118964844,6.82576416,11.9,4,4,8,15,0.533333333,no,no,yes
Block5,B5 - Backup Fam I,7/21 BE B5 | G5 Med 20,Med20,Med,4,5,7/21/21,7/21/21,7/22/21,NA,NA,0,0,0.0,0,0,0,1,0,extinct,yes,yes
Block5,B5-Backup Fam A,7/21 BE B5 | G5 Med 21,Med21,Med,4,5,7/21/21,7/21/21,7/22/21,DSC_0123,DSC_0124,30.27074707,12.46604248,42.7,26,9,35,28,1.25,no,no,no
Block5,B5-Backup Fam B,7/21 BE B5 | G5 Med 22,Med22,Med,4,5,7/21/21,7/21/21,7/22/21,NA,NA,NA,NA,0,NA,NA,NA,0,NA,extinct,yes,yes
Block5,B5-Backup Fam C,7/21 BE B5 | G5 Med 23,Med23,Med,4,5,7/21/21,7/21/21,7/22/21,DSC_0112,DSC_0113,26.50721436,11.7296521,38.2,28,12,40,76,0.526315789,no,no,no
Block5,B5-Backup Fam D,7/21 BE B5 | G5 Med 24,Med24,Med,4,5,7/21/21,7/21/21,7/22/21,DSC_0127,DSC_0128,22.70007324,26.47922119,49.2,19,22,41,16,2.5625,no,no,no
Block3,B3 All red mix ,8/11 BE B3 | G6 High 1,High1,High,5,6,8/11/21,8/11/21,8/12/21,DSC_0178,DSC_0179,100.0761816,74.37974609,174.5,64,58,122,31,3.935483871,no,no,no
Block3,B3 All red mix ,8/11 BE B3 | G6 High 2,High2,High,5,6,8/11/21,8/11/21,8/12/21,DSC_0180,DSC_0181,82.60080078,94.70707031,177.3,67,79,146,62,2.35483871,no,no,no
Block3,B3 All red mix ,8/11 BE B3 | G6 High 3,High3,High,5,6,8/11/21,8/11/21,8/12/21,DSC_0184,DSC_0185,103.925332,120.925791,224.9,82,104,186,77,2.415584416,no,no,no
Block3,B3 All red mix ,8/11 BE B3 | G6 High 4,High4,High,5,6,8/11/21,8/11/21,8/12/21,dsc_0152,dsc_0153,144.6498047,124.1319043,268.8,111,100,211,129,1.635658915,no,no,no
Block3,B3 All red mix ,8/11 BE B3 | G6 High 5,High5,High,5,6,8/11/21,8/11/21,8/12/21,DSC_0160,DSC_0161,108.0740234,81.363125,189.4,88,63,151,205,0.736585366,no,no,no
Block3,B3 All red mix ,8/11 BE B3 | G6 High 6,High6,High,5,6,8/11/21,8/11/21,8/12/21,DSC_0190,DSC_0191,62.17863281,43.44808594,105.6,32,27,59,78,0.756410256,no,no,no
Block3,B3 All red mix ,8/11 BE B3 | G6 High 7,High7,High,5,6,8/11/21,8/11/21,8/12/21,DSC_0154,dsc_0155,99.1450293,93.4205957,192.6,65,68,133,181,0.73480663,no,no,no
Block3,B3 All red mix ,8/11 BE B3 | G6 High 8,High8,High,5,6,8/11/21,8/11/21,8/12/21,NA,NA,NA,NA,0.0,NA,NA,NA,NA,NA,kill,kill,kill
Block3,B3 All red mix ,8/11 BE B3 | G6 High 9,High9,High,5,6,8/11/21,8/11/21,8/12/21,NA,NA,NA,NA,20.0,10,10,20,132,0.151515152,kill,kill,kill
Block3,B3 All red mix ,8/11 BE B3 | G6 High 10,High10,High,5,6,8/11/21,8/11/21,8/12/21,NA,NA,NA,NA,0.0,NA,NA,NA,NA,NA,kill,kill,kill
Block3,B3 All red mix ,8/11 BE B3 | G6 High 11,High11,High,5,6,8/11/21,8/11/21,8/12/21,NA,NA,NA,NA,0.0,NA,NA,NA,NA,NA,kill,kill,kill
Block3,B3 All red mix ,8/11 BE B3 | G6 High 12,High12,High,5,6,8/11/21,8/11/21,8/12/21,NA,NA,NA,NA,0.0,NA,NA,NA,NA,NA,kill,kill,kill
Block3,B(4)3-A2,8/11 BE B3 | G6 Low 1,Low1,Low,5,6,8/11/21,8/11/21,8/12/21,DSC_0162,DSC_0163,59.74849609,62.22110352,122.0,31,51,82,135,0.607407407,no,no,no
Block3,B(4)3-B1,8/11 BE B3 | G6 Low 2,Low2,Low,5,6,8/11/21,8/11/21,8/12/21,DSC_0150,DSC_0151,154.7796582,107.9283789,262.7,64,72,136,58,2.344827586,no,no,no
Block3,B(4)3-C2,8/11 BE B3 | G6 Low 3,Low3,Low,5,6,8/11/21,8/11/21,8/12/21,DSC_0158,DSC_0159,131.6086133,83.90661133,215.5,46,75,121,88,1.375,no,no,no
Block3,B(4)3-E1,8/11 BE B3 | G6 Low 4,Low4,Low,5,6,8/11/21,8/11/21,8/12/21,DSC_0174,DSC_0175,65.86070313,22.76937256,88.6,42,41,83,133,0.62406015,no,no,no
Block3,B(4)3-F5,8/11 BE B3 | G6 Low 5,Low5,Low,5,6,8/11/21,8/11/21,8/12/21,DSC_166,DSC_0167,46.66619629,53.87655273,100.5,22,41,63,91,0.692307692,no,no,no
Block3,B(4)3-G1,8/11 BE B3 | G6 Low 6,Low6,Low,5,6,8/11/21,8/11/21,8/12/21,NA,NA,NA,NA,0.0,NA,NA,NA,NA,NA,kill,kill,kill
Block3,B3-A1 ,8/11 BE B3 | G6 Low 7,Low7,Low,5,6,8/11/21,8/11/21,8/12/21,DSC_0164,DSC_0165,63.67658691,67.32243164,131.0,45,45,90,39,2.307692308,no,no,no
Block3,B3-B3 ,8/11 BE B3 | G6 Low 8,Low8,Low,5,6,8/11/21,8/11/21,8/12/21,DSC_0169,DSC_0168,72.40055176,55.90503418,128.3,53,46,99,115,0.860869565,no,no,no
Block3,B3-C1 ,8/11 BE B3 | G6 Low 9,Low9,Low,5,6,8/11/21,8/11/21,8/12/21,DSC_0146,DSC_0147,67.04295898,53.05200195,120.1,41,28,69,117,0.58974359,no,no,no
Block3,B3-D1 ,8/11 BE B3 | G6 Low 10,Low10,Low,5,6,8/11/21,8/11/21,8/12/21,DSC_0170,DSC_0171,40.26938965,42.31315918,82.6,19,31,50,31,1.612903226,no,no,no
Block3,B3-E1 ,8/11 BE B3 | G6 Low 11,Low11,Low,5,6,8/11/21,8/11/21,8/12/21,DSC_0186,DSC_0187,29.43252686,14.70054077,44.1,16,1,17,10,1.7,no,no,no
Block3,B3-F2 ,8/11 BE B3 | G6 Low 12,Low12,Low,5,6,8/11/21,8/11/21,8/12/21,DSC_0156,DSC_0157,60.87150391,126.4675586,187.3,40,115,155,42,3.69047619,no,no,no
Block3,B3 - Backup Fam A,8/11 BE B3 | G6 Med 1,Med1,Med,5,6,8/11/21,8/11/21,8/12/21,DSC_0192,DSC_0193,34.71962158,21.78415527,56.5,14,14,28,14,2,no,no,no
Block3,B3- Backup Fam B,8/11 BE B3 | G6 Med 2,Med2,Med,5,6,8/11/21,8/11/21,8/12/21,DSC_0188,DSC_0189,75.01325195,76.70124023,151.7,45,62,107,72,1.486111111,no,no,no
Block3,B3 - Backup Fam C,8/11 BE B3 | G6 Med 3,Med3,Med,5,6,8/11/21,8/11/21,8/12/21,DSC_0148,DSC_0149,81.0087793,68.55331543,149.6,48,48,96,82,1.170731707,no,no,no
Block3,B3 - Backup Fam D,8/11 BE B3 | G6 Med 4,Med4,Med,5,6,8/11/21,8/11/21,8/12/21,DSC_0194,DSC_0195,46.62223145,40.44795898,87.1,19,28,47,20,2.35,no,no,no
Block3,B3 - Backup Fam E,8/11 BE B3 | G6 Med 5,Med5,Med,5,6,8/11/21,8/11/21,8/12/21,NA,NA,0,0,0.0,NA,NA,NA,0,NA,extinct,yes,yes
Block3,B3 - Backup Fam F,8/11 BE B3 | G6 Med 6,Med6,Med,5,6,8/11/21,8/11/21,8/12/21,DSC_0183,DSC_0182,48.22344727,53.85832031,102.1,34,41,75,72,1.041666667,no,no,no
Block3,B3 - Backup Fam G,8/11 BE B3 | G6 Med 7,Med7,Med,5,6,8/11/21,8/11/21,8/12/21,DSC_0176,DSC_0177,85.71091797,82.49126953,168.2,54,67,121,61,1.983606557,no,no,no
Block3,B3 - Backup Fam H,8/11 BE B3 | G6 Med 8,Med8,Med,5,6,8/11/21,8/11/21,8/12/21,DSC_0172,DSC_0173,102.2444043,60.61405273,162.9,62,49,111,126,0.880952381,no,no,no
Block4,B4 All red mix ,8/18 BE B4 | G6 High 13,High13,High,5,6,8/18/21,8/18/21,8/19/21,DSC_0234,DSC_0235,48.82800293,78.7757959,127.6,47,80,127,91,1.395604396,no,no,no
Block4,B4 All red mix ,8/18 BE B4 | G6 High 14,High14,High,5,6,8/18/21,8/18/21,8/19/21,DSC_0240,DSC_0241,41.44106445,76.16499512,117.6,40,80,120,131,0.916030534,no,no,no
Block4,B4 All red mix ,8/18 BE B4 | G6 High 15,High15,High,5,6,8/18/21,8/18/21,8/19/21,DSC_0224,DSC_0225,63.36352051,60.83297852,124.2,61,58,119,51,2.333333333,no,no,no
Block4,B4 All red mix ,8/18 BE B4 | G6 High 16,High16,High,5,6,8/18/21,8/18/21,8/19/21,DSC_0228,DSC_0229,27.56584961,111.8809375,139.4,25,107,132,147,0.897959184,no,no,no
Block4,B4 All red mix ,8/18 BE B4 | G6 High 17,High17,High,5,6,8/18/21,8/18/21,8/19/21,DSC_0244,DSC_0245,95.91783203,74.85883301,170.8,98,76,174,28,6.214285714,no,no,no
Block4,B4 All red mix ,8/18 BE B4 | G6 High 18,High18,High,5,6,8/18/21,8/18/21,8/19/21,DSC_0198,DSC_0199,70.42394531,57.4069043,127.8,64,59,123,106,1.160377358,no,no,no
Block4,B4 All red mix ,8/18 BE B4 | G6 High 19,High19,High,5,6,8/18/21,8/18/21,8/19/21,DSC_0204,DSC_0205,129.0246973,28.58489014,157.6,129,27,156,96,1.625,no,no,no
Block4,B4 All red mix ,8/18 BE B4 | G6 High 20,High20,High,5,6,8/18/21,8/18/21,8/19/21,DSC_0200,DSC_0201,83.92631836,61.41873047,145.3,81,63,144,154,0.935064935,no,no,no
Block4,B4 All red mix ,8/18 BE B4 | G6 High 21,High21,High,5,6,8/18/21,8/18/21,8/19/21,DSC_0232,DSC_0233,73.26054688,152.1357715,225.4,68,141,209,107,1.953271028,no,no,no
Block4,B4 All red mix ,8/18 BE B4 | G6 High 22,High22,High,5,6,8/18/21,8/18/21,8/19/21,DSC_0208,DSC_0209,125.6011133,77.41851563,203.0,122,75,197,48,4.104166667,no,no,no
Block4,B4 All red mix ,8/18 BE B4 | G6 High 23,High23,High,5,6,8/18/21,8/18/21,8/19/21,DSC_0218,DSC_0219,68.62168945,61.87370117,130.5,70,62,132,117,1.128205128,no,no,no
Block4,B4 All red mix ,8/18 BE B4 | G6 High 24,High24,High,5,6,8/18/21,8/18/21,8/19/21,DSC_0250,DSC_0251,76.03089355,78.35100586,154.4,75,77,152,70,2.171428571,no,no,no
Block4,B4-K1,8/18 BE B4 | G6 Low 13,Low13,Low,5,6,8/18/21,8/18/21,8/19/21,DSC_0252,DSC_0253,35.24250732,73.84921875,109.1,36,76,112,31,3.612903226,no,no,no
Block4,B4-L1,8/18 BE B4 | G6 Low 14,Low14,Low,5,6,8/18/21,8/18/21,8/19/21,DSC_0210,DSC_0211,70.06554199,110.4513086,180.5,72,112,184,103,1.786407767,no,no,no
Block4,B4-M1,8/18 BE B4 | G6 Low 15,Low15,Low,5,6,8/18/21,8/18/21,8/19/21,DSC_0212,DSC_0213,59.1805957,46.04578125,105.2,59,48,107,73,1.465753425,no,no,no
Block4,B4-O1,8/18 BE B4 | G6 Low 16,Low16,Low,5,6,8/18/21,8/18/21,8/19/21,NA,NA,NA,NA,0.0,0,0,0,NA,NA,extinct,yes,yes
Block4,B4-P2,8/18 BE B4 | G6 Low 17,Low17,Low,5,6,8/18/21,8/18/21,8/19/21,DSC_0238,DSC_0239,30.33688477,55.60584961,85.9,30,58,88,77,1.142857143,no,no,no
Block4,B4-Q4,8/18 BE B4 | G6 Low 18,Low18,Low,5,6,8/18/21,8/18/21,8/19/21,dsc_0222,DSC_0223,50.64903809,47.14206055,97.8,52,49,101,107,0.943925234,no,no,no
Block4,B4-R1,8/18 BE B4 | G6 Low 19,Low19,Low,5,6,8/18/21,8/18/21,8/19/21,DSC_0214,DSC_0215,22.28693359,37.61923584,59.9,24,42,66,NA,NA,no,no,no
Block4,B4-AA1 ,8/18 BE B4 | G6 Low 20,Low20,Low,5,6,8/18/21,8/18/21,8/19/21,DSC_0248,DSC_0249,15.63384888,32.90943604,48.5,15,33,48,7,6.857142857,no,no,no
Block4,B4-AB1 ,8/18 BE B4 | G6 Low 21,Low21,Low,5,6,8/18/21,8/18/21,8/19/21,DSC_0242,DSC_0243,7.337471313,9.461467285,16.8,8,10,18,6,3,no,no,no
Block4,B4-AC1 ,8/18 BE B4 | G6 Low 22,Low22,Low,5,6,8/18/21,8/18/21,8/19/21,DSC_0246,DSC_0247,64.2215625,51.62398438,115.8,66,48,114,36,3.166666667,no,no,no
Block4,B4-AD1 ,8/18 BE B4 | G6 Low 23,Low23,Low,5,6,8/18/21,8/18/21,8/19/21,NA,NA,NA,NA,10.0,0,10,10,36,0.277777778,kill,kill,kill
Block4,B4-AE1 ,8/18 BE B4 | G6 Low 24,Low24,Low,5,6,8/18/21,8/18/21,8/19/21,DSC_196,DSC_0197,39.0194751,20.80547119,59.8,32,20,52,21,2.476190476,no,no,no
Block4,B4-AF1 ,8/18 BE B4 | G6 Low 25,Low25,Low,5,6,8/18/21,8/18/21,8/19/21,DSC_0202,DSC_0203,66.28763672,37.90737793,104.2,69,42,111,65,1.707692308,no,no,no
Block4,B4 - Backup Fam AA,8/18 BE B4 | G6 Med 9,Med9,Med,5,6,8/18/21,8/18/21,8/19/21,DSC_0236,DSC_0237,41.78338379,69.36832031,111.2,35,66,101,127,0.795275591,no,no,no
Block4,B4 - Backup Fam AB,8/18 BE B4 | G6 Med 10,Med10,Med,5,6,8/18/21,8/18/21,8/19/21,DSC_0226,DSC_0227,23.62030518,18.83765381,42.5,19,17,36,11,3.272727273,no,no,no
Block4, B4 - Backup Fam AC,8/18 BE B4 | G6 Med 11,Med11,Med,5,6,8/18/21,8/18/21,8/19/21,DSC_0206,DSC_0207,88.35945313,44.49143555,132.9,86,43,129,127,1.015748031,no,no,no
Block4, B4 - Backup Fam AD,8/18 BE B4 | G6 Med 12,Med12,Med,5,6,8/18/21,8/18/21,8/19/21,DSC_0230,DSC_0231,23.47559082,39.50529785,63.0,23,37,60,11,5.454545455,no,no,no
Block4,B4 - Backup Fam K,8/18 BE B4 | G6 Med 13,Med13,Med,5,6,8/18/21,8/18/21,8/19/21,DSC_0216,DSC_0217,68.08538086,58.41375977,126.5,73,64,137,98,1.397959184,no,no,no
Block4,B4-Backup Fam L,8/18 BE B4 | G6 Med 14,Med14,Med,5,6,8/18/21,8/18/21,8/19/21,NA,NA,NA,NA,0.0,NA,NA,NA,NA,NA,extinct,yes,yes
Block4,B4-Backup Fam M,8/18 BE B4 | G6 Med 15,Med15,Med,5,6,8/18/21,8/18/21,8/19/21,DSC_0220,DSC_0221,10.81275391,14.83029785,25.6,11,15,26,143,0.181818182,no,no,no
Block4,B4-Backup Fam P,8/18 BE B4 | G6 Med 16,Med16,Med,5,6,8/18/21,8/18/21,8/19/21,NA,NA,NA,NA,1.0,0,1,1,147,0.006802721,kill,kill,kill
Block5,B5 All red mix ,8/25 BE B5 | G6 High 25,High25,High,5,6,8/25/21,8/25/21,8/26/21,DSC_0271,DSC_0272,87.3812793,94.14260742,181.5,78,82,160,158,1.012658228,no,no,no
Block5,B5 All red mix ,8/25 BE B5 | G6 High 26,High26,High,5,6,8/25/21,8/25/21,8/26/21,DSC_0269,DSC_0270,42.32837402,45.25330566,87.6,32,37,69,16,4.3125,no,no,no
Block5,B5 All red mix ,8/25 BE B5 | G6 High 27,High27,High,5,6,8/25/21,8/25/21,8/26/21,DSC_0259,DSC_0260,101.6479395,148.0818555,249.7,83,132,215,128,1.6796875,no,no,no
Block5,B5 All red mix ,8/25 BE B5 | G6 High 28,High28,High,5,6,8/25/21,8/25/21,8/26/21,DSC_0263,DSC_0264,113.5637207,104.4540039,218.0,104,85,189,169,1.118343195,no,no,no
Block5,B5 All red mix ,8/25 BE B5 | G6 High 29,High29,High,5,6,8/25/21,8/25/21,8/26/21,NA,NA,NA,NA,0.0,NA,NA,NA,128,NA,kill,kill,kill
Block5,B5 All red mix ,8/25 BE B5 | G6 High 30,High30,High,5,6,8/25/21,8/25/21,8/26/21,NA,NA,NA,NA,0.0,NA,NA,NA,NA,NA,kill,kill,kill
Block5,B5 All red mix ,8/25 BE B5 | G6 High 31,High31,High,5,6,8/25/21,8/25/21,8/26/21,NA,NA,NA,NA,0.0,NA,NA,NA,NA,NA,kill,kill,kill
Block5,B5 All red mix ,8/25 BE B5 | G6 High 32,High32,High,5,6,8/25/21,8/25/21,8/26/21,DSC_0287,DSC_0288,97.87816406,122.4874805,220.4,90,105,195,60,3.25,no,no,no
Block5,B5 All red mix ,8/25 BE B5 | G6 High 33,High33,High,5,6,8/25/21,8/25/21,8/26/21,DSC_0281,DSC_0282,30.1052832,50.66291016,80.8,22,46,68,50,1.36,no,no,no
Block5,B5 All red mix ,8/25 BE B5 | G6 High 34,High34,High,5,6,8/25/21,8/25/21,8/26/21,DSC_0261,DSC_0262,92.23396484,90.12191406,182.4,88,90,178,144,1.236111111,no,no,no
Block5,B5 All red mix ,8/25 BE B5 | G6 High 35,High35,High,5,6,8/25/21,8/25/21,8/26/21,DSC_0279,DSC_0280,69.52745117,59.9354541,129.5,64,56,120,164,0.731707317,no,no,no
Block5,B5 All red mix ,8/25 BE B5 | G6 High 36,High36,High,5,6,8/25/21,8/25/21,8/26/21,NA,NA,NA,NA,0.0,NA,NA,NA,NA,NA,kill,kill,kill
Block5,B5-A1,8/25 BE B5 | G6 Low 26,Low26,Low,5,6,8/25/21,8/25/21,8/26/21,DSC_0285,DSC_0286,43.71015625,58.57890625,102.3,35,50,85,35,2.428571429,no,no,no
Block5,B5-B1,8/25 BE B5 | G6 Low 27,Low27,Low,5,6,8/25/21,8/25/21,8/26/21,NA,NA,NA,NA,0.0,NA,NA,NA,0,NA,extinct,yes,yes
Block5,B5-E1,8/25 BE B5 | G6 Low 28,Low28,Low,5,6,8/25/21,8/25/21,8/26/21,NA,NA,NA,NA,0.0,NA,NA,NA,NA,NA,extinct,yes,yes
Block5,B5-C1,8/25 BE B5 | G6 Low 29,Low29,Low,5,6,8/25/21,8/25/21,8/26/21,DSC_0257,DSC_0258,12.30222656,11.44316406,23.7,1,4,5,8,0.625,no,no,no
Block5,B5-D1,8/25 BE B5 | G6 Low 30,Low30,Low,5,6,8/25/21,8/25/21,8/26/21,NA,NA,NA,NA,0.0,NA,NA,NA,0,NA,extinct,yes,yes
Block5,B(2)5-P1 ,8/25 BE B5 | G6 Low 31,Low31,Low,5,6,8/25/21,8/25/21,8/26/21,NA,NA,NA,NA,0.0,NA,NA,NA,0,NA,extinct,yes,yes
Block5,B(2)5-Q1 ,8/25 BE B5 | G6 Low 32,Low32,Low,5,6,8/25/21,8/25/21,8/26/21,NA,NA,NA,NA,0.0,NA,NA,NA,NA,NA,extinct,yes,yes
Block5,B(2)5-T1 ,8/25 BE B5 | G6 Low 33,Low33,Low,5,6,8/25/21,8/25/21,8/26/21,NA,NA,NA,NA,0.0,NA,NA,NA,2,NA,extinct,yes,yes
Block5,B(2)5-U1 ,8/25 BE B5 | G6 Low 34,Low34,Low,5,6,8/25/21,8/25/21,8/26/21,DSC_0265,DSC_0266,41.71429199,36.20725098,77.9,30,33,63,129,0.488372093,no,no,no
Block5,B(2)5-W1 ,8/25 BE B5 | G6 Low 35,Low35,Low,5,6,8/25/21,8/25/21,8/26/21,DSC_0275,DSC_0276,26.74784668,17.94808716,44.7,22,16,38,36,1.055555556,no,no,no
Block5,B(2)5-X1 ,8/25 BE B5 | G6 Low 36,Low36,Low,5,6,8/25/21,8/25/21,8/26/21,NA,NA,NA,NA,0.0,NA,NA,NA,0,NA,extinct,yes,yes
Block5,B5 - Backup Fam F,8/25 BE B5 | G6 Med 17,Med17,Med,5,6,8/25/21,8/25/21,8/26/21,NA,NA,NA,NA,0.0,NA,NA,NA,NA,NA,extinct,yes,yes
Block5,B5 - Backup Fam G,8/25 BE B5 | G6 Med 18,Med18,Med,5,6,8/25/21,8/25/21,8/26/21,dsc_0255,DSC_0256,8.624313354,9.098989868,17.7,5,7,12,141,0.085106383,no,no,no
Block5,B5 - Backup Fam H,8/25 BE B5 | G6 Med 19,Med19,Med,5,6,8/25/21,8/25/21,8/26/21,DSC_0273,DSC_0274,2,2,4.0,2,2,4,8,0.5,no,no,yes
Block5,B5 - Backup Fam I,8/25 BE B5 | G6 Med 20,Med20,Med,5,6,8/25/21,8/25/21,8/26/21,NA,NA,NA,NA,0.0,NA,NA,NA,0,NA,extinct,yes,yes
Block5,B5-Backup Fam A,8/25 BE B5 | G6 Med 21,Med21,Med,5,6,8/25/21,8/25/21,8/26/21,DSC_0277,DSC_0278,29.76977539,32.9237793,62.7,23,23,46,35,1.314285714,no,no,no
Block5,B5-Backup Fam B,8/25 BE B5 | G6 Med 22,Med22,Med,5,6,8/25/21,8/25/21,8/26/21,NA,NA,NA,NA,0.0,NA,NA,NA,NA,NA,extinct,yes,yes
Block5,B5-Backup Fam C,8/25 BE B5 | G6 Med 23,Med23,Med,5,6,8/25/21,8/25/21,8/26/21,DSC_0267,DSC_0268,25.31020996,46.10091797,71.4,20,36,56,40,1.4,no,no,no
Block5,B5-Backup Fam D,8/25 BE B5 | G6 Med 24,Med24,Med,5,6,8/25/21,8/25/21,8/26/21,DSC_0283,DSC_0284,71.09684082,55.37442871,126.5,76,57,133,41,3.243902439,no,no,no